Service_Type,Department,Current_Queue,Available_Staff,Emergency_Cases,Previous_Average_Wait,Day,Hour,Waiting_Time
Hospital,General,56,13,14,47,Tuesday,14,58
Government Office,General,87,7,10,15,Monday,17,55
Hospital,Loan Department,104,8,23,7,Monday,15,87
Government Office,Emergency,25,1,11,26,Tuesday,19,41
Hospital,Emergency,112,9,16,31,Wednesday,20,67
Hospital,General,64,14,14,55,Friday,19,47
Government Office,Emergency,59,4,24,7,Monday,19,66
Hospital,Cardiology,43,2,3,29,Friday,16,50
Bank,Customer Service,18,2,8,30,Saturday,19,30
Government Office,Emergency,75,12,7,51,Wednesday,19,37
Government Office,Emergency,82,1,3,54,Friday,10,53
Bank,Emergency,58,10,3,58,Wednesday,13,52
Hospital,General,67,2,11,38,Monday,20,63
Bank,General,82,7,24,44,Saturday,15,96
Hospital,General,84,13,17,51,Friday,12,73
Bank,Customer Service,64,12,12,45,Thursday,19,47
Hospital,Loan Department,19,13,0,29,Thursday,20,5
Government Office,General,39,1,4,46,Monday,10,43
Bank,Customer Service,45,12,6,13,Saturday,14,19
Bank,Cardiology,27,14,23,41,Friday,14,60
Hospital,Cardiology,48,8,21,31,Friday,10,44
Bank,Customer Service,5,5,22,18,Thursday,10,43
Bank,General,31,9,14,19,Friday,14,42
Bank,General,67,7,16,56,Friday,10,60
Hospital,Loan Department,100,4,4,27,Thursday,20,58
Hospital,Emergency,40,13,6,55,Friday,20,33
Government Office,Loan Department,32,2,9,49,Tuesday,13,56
Bank,General,32,12,11,24,Thursday,19,17
Hospital,Emergency,96,9,6,37,Monday,18,53
Bank,Cardiology,81,9,2,43,Thursday,16,46
Hospital,Customer Service,76,11,8,41,Tuesday,13,50
Bank,Loan Department,83,11,21,36,Tuesday,15,85
Hospital,Loan Department,109,4,16,53,Friday,15,99
Bank,Loan Department,6,3,16,41,Tuesday,14,51
Government Office,Cardiology,60,1,16,6,Thursday,8,53
Bank,Customer Service,100,1,0,23,Wednesday,12,66
Bank,Customer Service,57,12,5,36,Tuesday,9,19
Bank,Customer Service,21,6,23,9,Thursday,15,58
Government Office,Cardiology,102,6,21,15,Tuesday,11,80
Hospital,Cardiology,63,6,15,33,Friday,16,73
Bank,General,24,12,3,23,Wednesday,10,5
Government Office,Customer Service,100,7,19,45,Friday,11,84
Government Office,General,44,7,17,44,Wednesday,8,50
Government Office,Cardiology,54,7,9,39,Thursday,16,51
Bank,General,20,10,15,56,Saturday,14,43
Government Office,Loan Department,73,5,22,13,Thursday,19,68
Bank,Emergency,103,3,15,20,Wednesday,16,92
Hospital,Customer Service,117,8,3,42,Saturday,18,63
Hospital,Cardiology,88,14,2,52,Thursday,15,50
Bank,Customer Service,22,14,17,6,Thursday,20,11
Hospital,Cardiology,39,13,8,40,Tuesday,13,30
Government Office,Emergency,52,4,23,12,Tuesday,12,80
Government Office,Emergency,71,1,0,52,Saturday,14,62
Government Office,Cardiology,26,14,5,42,Thursday,14,19
Bank,Emergency,55,6,7,31,Thursday,20,27
Hospital,Cardiology,32,1,4,52,Monday,8,34
Bank,General,8,3,16,21,Monday,10,34
Hospital,General,10,3,8,41,Saturday,12,43
Hospital,Cardiology,97,1,13,57,Tuesday,15,102
Government Office,Emergency,67,13,20,36,Thursday,11,53
Bank,Loan Department,37,3,17,29,Tuesday,14,72
Government Office,Loan Department,108,14,23,54,Friday,10,79
Hospital,Cardiology,27,2,9,6,Thursday,13,46
Government Office,Emergency,47,6,15,43,Wednesday,16,64
Hospital,Loan Department,46,7,2,54,Tuesday,20,32
Hospital,Emergency,24,1,7,50,Saturday,20,58
Government Office,Customer Service,119,7,14,32,Wednesday,19,68
Bank,Emergency,55,9,21,26,Tuesday,13,79
Hospital,Customer Service,56,10,5,19,Tuesday,8,16
Bank,Cardiology,12,5,11,48,Tuesday,8,30
Bank,Emergency,107,4,5,49,Tuesday,12,79
Government Office,Emergency,59,8,19,20,Friday,10,45
Government Office,Loan Department,118,12,9,34,Thursday,20,57
Bank,Cardiology,96,10,22,30,Wednesday,10,71
Hospital,Loan Department,94,5,22,13,Saturday,12,90
Bank,Loan Department,5,2,21,52,Saturday,17,55
Government Office,Emergency,108,13,20,5,Saturday,16,86
Hospital,General,71,12,15,55,Thursday,14,74
Hospital,Emergency,90,9,13,32,Tuesday,12,74
Bank,General,20,10,15,25,Friday,19,29
Hospital,Emergency,104,1,4,27,Tuesday,14,75
Government Office,General,23,10,0,9,Thursday,17,5
Bank,General,8,8,15,59,Tuesday,20,41
Hospital,Loan Department,54,3,0,37,Saturday,19,34
Bank,General,55,11,4,16,Friday,20,18
Government Office,Customer Service,47,12,12,16,Wednesday,17,24
Government Office,Loan Department,119,2,2,27,Tuesday,9,62
Government Office,Loan Department,78,10,1,55,Friday,17,34
Bank,Customer Service,11,4,20,54,Tuesday,16,71
Government Office,Cardiology,93,5,24,40,Tuesday,11,91
Hospital,Loan Department,105,9,23,39,Thursday,17,84
Hospital,Loan Department,117,7,23,27,Friday,9,90
Government Office,General,16,1,22,17,Monday,12,61
Bank,Loan Department,117,14,19,52,Tuesday,8,81
Hospital,Cardiology,90,13,18,53,Monday,16,78
Hospital,Cardiology,82,4,18,51,Thursday,19,84
Bank,Loan Department,73,3,11,29,Friday,12,65
Bank,Cardiology,27,9,6,49,Wednesday,12,38
Government Office,Loan Department,46,10,6,18,Thursday,12,22
Hospital,Customer Service,97,11,10,22,Wednesday,14,71
Government Office,Loan Department,13,10,11,21,Wednesday,19,11
Government Office,Customer Service,31,10,1,9,Monday,9,5
Hospital,Customer Service,41,6,18,12,Tuesday,20,36
Bank,Loan Department,21,7,24,49,Monday,11,49
Bank,Emergency,40,6,18,48,Wednesday,11,45
Bank,Emergency,23,7,2,49,Monday,17,25
Bank,Loan Department,118,12,19,32,Friday,20,78
Government Office,Emergency,5,3,12,32,Monday,14,47
Hospital,General,67,12,16,29,Tuesday,16,58
Bank,Loan Department,62,12,12,36,Monday,13,55
Hospital,Loan Department,65,5,15,58,Thursday,20,71
Hospital,Emergency,22,9,16,18,Friday,16,37
Hospital,Loan Department,58,6,2,20,Saturday,8,27
Bank,Cardiology,100,8,5,16,Thursday,17,45
Government Office,Cardiology,32,5,7,32,Wednesday,15,37
Hospital,Cardiology,54,12,4,45,Thursday,19,31
Government Office,General,68,11,21,21,Saturday,11,51
Hospital,Emergency,96,13,12,50,Tuesday,20,48
Hospital,Loan Department,10,2,18,9,Friday,10,29
Government Office,General,34,2,12,9,Saturday,15,60
Bank,General,37,6,0,22,Tuesday,14,19
Hospital,Cardiology,63,11,16,17,Saturday,13,63
Bank,General,102,9,2,5,Saturday,8,35
Government Office,Loan Department,106,3,20,27,Monday,12,112
Bank,Loan Department,57,5,9,14,Thursday,12,45
Bank,Loan Department,114,1,18,49,Tuesday,16,111
Government Office,Emergency,8,14,0,53,Friday,20,5
Government Office,General,54,12,0,58,Thursday,10,19
Government Office,Emergency,9,14,24,21,Tuesday,19,30
Government Office,Customer Service,79,3,6,42,Saturday,9,62
Bank,Emergency,102,6,17,38,Monday,19,82
Bank,General,67,2,19,42,Monday,10,85
Bank,Cardiology,92,12,22,46,Friday,8,65
Bank,Customer Service,73,2,5,57,Tuesday,15,73
Hospital,Cardiology,81,14,10,47,Monday,9,42
Government Office,Loan Department,27,7,15,35,Thursday,16,52
Bank,Emergency,20,8,3,44,Saturday,18,10
Hospital,Loan Department,31,13,17,55,Wednesday,10,46
Hospital,Loan Department,25,5,17,32,Monday,10,42
Government Office,General,5,5,8,16,Friday,13,27
Government Office,Loan Department,50,2,16,18,Saturday,17,48
Government Office,General,51,9,21,51,Thursday,17,55
Hospital,Cardiology,98,11,15,21,Wednesday,15,76
Government Office,Customer Service,103,13,19,19,Thursday,8,58
Government Office,Emergency,90,14,22,18,Tuesday,15,82
Hospital,Cardiology,60,3,6,7,Wednesday,18,33
Bank,Cardiology,114,11,14,49,Thursday,14,85
Hospital,General,19,9,22,41,Saturday,10,49
Government Office,General,78,7,24,21,Wednesday,19,68
Bank,Customer Service,29,1,12,24,Thursday,19,36
Government Office,Emergency,72,10,2,45,Tuesday,16,42
Bank,Customer Service,38,8,7,53,Saturday,13,47
Government Office,Cardiology,87,10,8,41,Saturday,19,55
Hospital,Customer Service,63,8,12,10,Friday,9,31
Government Office,Cardiology,37,5,21,25,Friday,12,66
Government Office,General,98,11,23,59,Monday,11,81
Bank,Emergency,7,3,7,41,Wednesday,16,41
Bank,Cardiology,83,6,21,53,Monday,11,81
Government Office,General,106,3,24,6,Friday,15,112
Government Office,Emergency,49,12,4,10,Tuesday,10,17
Bank,Emergency,72,3,19,37,Wednesday,17,75
Government Office,Customer Service,94,14,5,41,Wednesday,8,46
Bank,Loan Department,104,13,10,7,Tuesday,18,41
Bank,Cardiology,9,7,9,48,Saturday,17,21
Hospital,Emergency,17,8,1,24,Tuesday,9,6
Hospital,Customer Service,13,11,14,28,Wednesday,8,13
Hospital,General,39,14,16,9,Friday,13,38
Government Office,Loan Department,38,12,2,39,Saturday,16,22
Government Office,Loan Department,44,6,7,15,Saturday,8,23
Hospital,Emergency,89,5,4,23,Wednesday,10,48
Government Office,Emergency,82,10,3,29,Monday,18,31
Government Office,Loan Department,76,7,7,18,Saturday,15,59
Hospital,Cardiology,42,1,22,19,Tuesday,10,54
Bank,Cardiology,70,14,20,44,Thursday,14,75
Government Office,Emergency,55,7,18,10,Tuesday,15,62
Government Office,Cardiology,46,4,14,51,Wednesday,15,74
Government Office,Cardiology,37,4,6,31,Wednesday,20,28
Government Office,Loan Department,105,11,22,37,Wednesday,8,80
Bank,Emergency,90,2,9,9,Tuesday,11,54
Bank,General,17,4,12,28,Wednesday,13,50
Hospital,Customer Service,60,13,7,9,Monday,11,5
Bank,Emergency,6,11,18,55,Saturday,20,30
Bank,Loan Department,40,10,10,31,Thursday,11,22
Government Office,General,108,6,5,12,Friday,17,47
Bank,Customer Service,51,10,13,47,Thursday,14,59
Government Office,Customer Service,93,1,14,44,Monday,9,75
Hospital,Emergency,47,12,11,40,Wednesday,19,28
Government Office,Emergency,55,13,13,44,Tuesday,16,59
Bank,Customer Service,90,11,22,5,Wednesday,16,88
Bank,General,51,9,20,13,Wednesday,12,63
Hospital,Customer Service,56,9,20,30,Thursday,17,49
Government Office,Emergency,94,11,5,6,Saturday,16,38
Hospital,General,86,11,1,31,Friday,14,37
Government Office,Customer Service,55,6,23,29,Saturday,19,63
Hospital,Emergency,56,6,20,28,Saturday,14,79
Hospital,General,26,10,17,25,Tuesday,18,28
Hospital,Customer Service,75,1,19,45,Wednesday,8,80
Bank,Loan Department,67,13,7,53,Monday,19,30
Hospital,General,5,13,22,55,Tuesday,14,51
Bank,General,53,13,15,44,Wednesday,20,40
Bank,Emergency,22,1,13,55,Tuesday,10,57
Hospital,Emergency,117,2,5,55,Saturday,19,64
Bank,Customer Service,5,8,22,43,Monday,11,37
Hospital,Loan Department,114,2,0,27,Saturday,10,61
Bank,Emergency,96,2,6,33,Wednesday,14,83
Hospital,Loan Department,92,7,7,58,Tuesday,10,49
Government Office,Loan Department,115,5,2,55,Wednesday,16,73
Bank,Customer Service,39,8,13,36,Wednesday,9,41
Bank,Emergency,50,11,15,8,Wednesday,15,37
Bank,Cardiology,11,10,6,37,Friday,9,5
Hospital,General,89,3,15,23,Wednesday,14,76
Bank,Emergency,5,5,19,15,Friday,9,41
Government Office,Cardiology,6,3,22,59,Thursday,17,61
Bank,General,98,9,1,57,Monday,13,56
Bank,Emergency,103,4,21,48,Friday,19,98
Bank,General,118,3,16,18,Wednesday,8,82
Government Office,General,44,2,12,29,Thursday,16,59
Government Office,Customer Service,114,4,12,38,Wednesday,18,76
Bank,Customer Service,41,11,5,22,Thursday,14,35
Hospital,Customer Service,42,2,16,41,Friday,16,74
Hospital,General,106,10,11,27,Monday,16,67
Bank,Emergency,44,2,11,49,Monday,18,48
Government Office,Cardiology,57,7,9,49,Tuesday,16,58
Bank,Cardiology,50,2,21,47,Friday,17,78
Bank,Cardiology,55,5,3,55,Wednesday,8,36
Hospital,General,15,4,16,43,Friday,15,51
Bank,Customer Service,103,6,1,59,Monday,15,74
Hospital,Loan Department,60,1,3,51,Saturday,12,64
Hospital,Customer Service,87,3,19,47,Tuesday,11,86
Bank,Loan Department,77,9,7,21,Wednesday,9,31
Government Office,Customer Service,93,13,10,44,Tuesday,8,41
Hospital,Customer Service,118,5,11,48,Friday,10,78
Hospital,Loan Department,98,6,1,16,Monday,10,36
Bank,General,53,13,16,14,Thursday,18,30
Bank,Loan Department,59,1,14,16,Thursday,16,76
Government Office,Customer Service,99,5,16,27,Monday,15,88
Hospital,Cardiology,84,6,7,29,Friday,12,65
Hospital,Loan Department,30,9,12,30,Tuesday,18,31
Government Office,Cardiology,20,7,16,27,Friday,17,27
Government Office,Loan Department,18,5,6,13,Friday,14,41
Government Office,Emergency,52,8,17,27,Tuesday,10,51
Hospital,Customer Service,43,3,17,46,Saturday,11,64
Bank,Emergency,21,14,23,39,Tuesday,14,47
Hospital,Customer Service,41,11,7,30,Wednesday,10,33
Bank,Loan Department,91,12,6,19,Friday,14,50
Hospital,Loan Department,29,13,17,37,Saturday,13,53
Hospital,Loan Department,46,12,1,59,Thursday,20,20
Bank,Emergency,17,13,17,36,Saturday,18,25
Government Office,Emergency,43,14,19,33,Monday,10,35
Hospital,Emergency,112,9,15,48,Wednesday,12,98
Bank,Loan Department,14,14,24,43,Friday,16,60
Government Office,Loan Department,7,13,13,34,Thursday,8,13
Government Office,Customer Service,72,2,4,29,Monday,9,48
Bank,Emergency,19,1,24,28,Thursday,16,73
Bank,Customer Service,16,11,4,41,Monday,11,6
Government Office,General,67,14,23,15,Wednesday,15,60
Bank,Loan Department,102,9,6,56,Monday,20,58
Bank,Cardiology,67,6,20,55,Tuesday,20,70
Hospital,Cardiology,114,10,10,38,Thursday,20,61
Government Office,Customer Service,7,8,5,9,Monday,17,5
Bank,Cardiology,58,7,16,13,Saturday,12,59
Hospital,Loan Department,86,14,16,28,Friday,9,43
Hospital,Loan Department,36,3,5,17,Saturday,10,26
Government Office,Emergency,72,14,4,38,Wednesday,16,32
Hospital,Emergency,109,8,2,32,Tuesday,18,45
Bank,Cardiology,80,10,8,19,Saturday,9,37
Government Office,Emergency,29,5,10,38,Thursday,15,41
Government Office,Customer Service,9,10,17,10,Tuesday,15,27
Bank,General,64,13,4,17,Tuesday,12,31
Bank,Emergency,119,10,2,44,Wednesday,20,58
Government Office,Loan Department,44,11,12,49,Friday,9,37
Bank,Customer Service,96,1,15,45,Saturday,15,108
Hospital,Customer Service,111,13,24,57,Wednesday,20,92
Hospital,Loan Department,64,7,4,47,Saturday,13,61
Government Office,Customer Service,62,9,18,35,Tuesday,20,54
Hospital,Loan Department,57,14,6,35,Tuesday,18,21
Bank,Loan Department,104,2,13,17,Friday,9,71
Hospital,Cardiology,50,11,16,45,Wednesday,20,45
Hospital,Loan Department,108,2,23,49,Thursday,8,102
Bank,Loan Department,78,9,1,32,Thursday,14,46
Hospital,Customer Service,83,14,4,33,Monday,19,25
Bank,Cardiology,118,4,16,16,Tuesday,11,82
Government Office,Emergency,21,10,21,5,Wednesday,13,41
Government Office,Emergency,103,4,11,11,Saturday,18,72
Government Office,Customer Service,15,1,5,51,Friday,20,39
Bank,Loan Department,91,10,1,50,Thursday,17,40
Bank,Customer Service,33,4,16,39,Friday,9,43
Bank,Emergency,33,13,10,56,Tuesday,14,41
Bank,Customer Service,51,14,19,26,Thursday,9,40
Hospital,Loan Department,63,4,5,23,Thursday,12,54
Government Office,General,73,3,0,42,Monday,16,53
Hospital,Cardiology,29,8,11,22,Tuesday,8,21
Hospital,Loan Department,84,11,7,50,Tuesday,19,45
Government Office,General,75,3,11,57,Thursday,9,62
Hospital,Cardiology,64,10,2,24,Saturday,15,35
Bank,Loan Department,21,14,11,24,Wednesday,14,32
Bank,Customer Service,13,6,15,26,Monday,11,22
Bank,General,76,11,12,21,Friday,15,59
Hospital,Customer Service,25,2,17,50,Friday,15,76
Government Office,Cardiology,106,9,7,15,Tuesday,19,51
Bank,Loan Department,55,8,8,21,Monday,13,46
Hospital,Customer Service,90,12,19,37,Thursday,13,74
Hospital,Emergency,44,2,0,6,Tuesday,17,23
Bank,Customer Service,81,4,21,43,Thursday,8,82
Bank,Customer Service,42,7,13,54,Tuesday,9,49
Government Office,Customer Service,71,11,5,13,Friday,20,24
Hospital,Emergency,77,7,8,54,Monday,13,75
Bank,Cardiology,11,11,19,20,Wednesday,18,27
Hospital,General,10,10,21,30,Tuesday,11,30
Bank,Cardiology,110,14,10,22,Friday,19,47
Hospital,Emergency,16,7,11,17,Friday,13,46
Government Office,Loan Department,59,14,3,49,Friday,10,19
Bank,Cardiology,97,7,20,59,Thursday,15,104
Hospital,Loan Department,7,12,9,55,Thursday,18,5
Government Office,Customer Service,65,13,21,19,Saturday,10,46
Hospital,Customer Service,35,10,23,24,Monday,12,52
Bank,Loan Department,8,12,11,24,Wednesday,12,38
Hospital,General,100,9,3,57,Monday,10,54
Bank,Customer Service,104,2,14,38,Tuesday,9,84
Hospital,Customer Service,119,10,21,16,Saturday,10,83
Bank,Emergency,113,2,7,25,Monday,10,65
Hospital,Cardiology,104,14,22,46,Friday,15,91
Government Office,Cardiology,18,14,1,59,Saturday,19,5
Hospital,Customer Service,66,6,14,18,Friday,16,63
Government Office,Cardiology,107,9,19,6,Saturday,15,83
Bank,Loan Department,32,2,2,41,Wednesday,16,40
Bank,General,69,8,11,40,Saturday,12,64
Bank,Loan Department,14,3,21,18,Friday,18,47
Bank,Emergency,97,10,11,34,Wednesday,17,55
Hospital,Cardiology,47,12,0,58,Tuesday,15,27
Bank,Emergency,32,9,10,41,Friday,11,31
Hospital,General,117,8,11,32,Thursday,8,57
Bank,Customer Service,112,11,19,54,Monday,13,90
Government Office,Customer Service,63,5,0,53,Wednesday,12,55
Hospital,General,82,12,9,24,Friday,10,42
Hospital,General,115,11,17,27,Monday,15,87
Government Office,Cardiology,42,4,22,49,Wednesday,19,64
Government Office,Emergency,5,7,7,33,Saturday,12,30
Government Office,Cardiology,9,6,14,38,Wednesday,13,45
Government Office,Cardiology,21,10,7,51,Monday,9,20
Hospital,Customer Service,117,12,7,29,Wednesday,15,72
Hospital,General,35,14,20,52,Wednesday,10,48
Government Office,Emergency,109,10,1,54,Wednesday,12,57
Hospital,General,45,9,15,17,Friday,8,40
Government Office,Customer Service,81,9,10,8,Wednesday,16,60
Government Office,Emergency,106,3,5,38,Friday,11,67
Government Office,Customer Service,17,9,22,23,Saturday,9,36
Bank,General,75,9,20,19,Saturday,13,78
Bank,General,80,10,6,19,Tuesday,8,29
Hospital,Emergency,37,1,16,39,Saturday,16,80
Government Office,Cardiology,106,10,10,39,Saturday,19,62
Hospital,Loan Department,50,9,2,25,Tuesday,9,12
Government Office,Emergency,76,2,5,32,Tuesday,17,43
Government Office,Loan Department,83,12,3,19,Friday,12,32
Hospital,Cardiology,52,7,5,50,Monday,18,35
Hospital,Cardiology,55,4,20,17,Tuesday,18,61
Hospital,General,23,2,13,8,Friday,13,43
Government Office,Customer Service,33,12,2,12,Friday,18,5
Bank,Emergency,40,14,17,6,Wednesday,17,20
Bank,Customer Service,98,11,6,35,Friday,16,52
Bank,Cardiology,78,7,12,35,Wednesday,19,52
Bank,Loan Department,65,10,23,40,Thursday,17,66
Government Office,Loan Department,72,6,6,58,Wednesday,11,49
Government Office,Loan Department,51,11,12,59,Tuesday,17,44
Bank,Loan Department,25,6,8,30,Thursday,13,42
Government Office,Emergency,46,8,23,20,Friday,17,47
Hospital,Cardiology,30,11,4,8,Saturday,8,6
Government Office,Loan Department,43,10,24,22,Monday,19,47
Bank,Loan Department,40,10,0,59,Saturday,10,13
Bank,Loan Department,112,2,0,59,Thursday,10,69
Hospital,General,85,6,15,41,Friday,12,89
Government Office,Customer Service,14,9,13,17,Thursday,18,26
Government Office,Cardiology,61,14,24,6,Saturday,20,48
Government Office,General,71,10,21,43,Monday,9,57
Bank,Customer Service,117,11,6,28,Saturday,16,69
Government Office,Loan Department,113,14,3,44,Thursday,14,67
Bank,Cardiology,101,4,2,13,Friday,12,55
Bank,Cardiology,107,4,12,53,Thursday,16,92
Government Office,Cardiology,6,12,4,48,Tuesday,19,5
Government Office,General,76,2,2,58,Friday,13,61
Hospital,General,62,3,21,10,Friday,19,62
Bank,Customer Service,85,3,1,27,Wednesday,13,56
Bank,Emergency,12,6,11,40,Tuesday,11,28
Hospital,Customer Service,59,10,24,59,Wednesday,16,87
Government Office,Emergency,21,12,7,24,Friday,19,5
Hospital,Loan Department,96,3,7,58,Friday,14,83
Bank,Loan Department,88,8,23,48,Thursday,12,101
Hospital,General,74,6,17,12,Wednesday,11,50
Hospital,Customer Service,36,1,20,20,Tuesday,14,66
Government Office,Customer Service,18,4,0,27,Thursday,20,10
Government Office,Emergency,113,2,8,25,Saturday,9,64
Government Office,General,79,3,19,27,Tuesday,8,70
Hospital,Customer Service,72,2,22,10,Friday,17,71
Hospital,Loan Department,64,5,19,46,Wednesday,13,88
Hospital,Cardiology,115,1,9,42,Wednesday,19,78
Hospital,Customer Service,110,14,13,10,Saturday,15,69
Government Office,General,84,7,19,18,Monday,10,63
Hospital,Cardiology,95,2,2,22,Tuesday,9,46
Government Office,Cardiology,86,10,24,6,Thursday,11,64
Hospital,Customer Service,114,13,19,7,Wednesday,13,81
Hospital,Cardiology,45,6,24,17,Monday,10,54
Bank,General,72,9,14,8,Monday,9,41
Government Office,Cardiology,64,12,12,35,Tuesday,20,24
Bank,General,67,6,10,6,Wednesday,19,40
Government Office,General,27,3,18,9,Monday,19,41
Hospital,Customer Service,15,2,23,19,Monday,9,58
Hospital,Emergency,91,3,8,39,Friday,16,74
Bank,General,101,4,3,43,Monday,19,55
Hospital,Cardiology,21,5,6,56,Friday,15,47
Hospital,General,107,2,4,56,Tuesday,13,81
Government Office,Emergency,103,7,21,18,Tuesday,20,74
Government Office,General,59,2,20,58,Monday,12,88
Government Office,Cardiology,83,5,9,27,Monday,13,69
Government Office,Loan Department,17,5,17,49,Friday,8,40
Government Office,General,57,2,4,49,Monday,12,60
Bank,Cardiology,64,11,20,56,Saturday,8,60
Bank,Loan Department,30,14,3,38,Tuesday,14,25
Government Office,Emergency,103,9,19,33,Tuesday,15,85
Bank,Customer Service,46,5,9,17,Thursday,13,50
Bank,Cardiology,64,13,0,14,Thursday,9,9
Bank,Loan Department,62,12,7,25,Thursday,9,25
Government Office,Customer Service,63,6,7,53,Saturday,15,69
Government Office,Cardiology,64,7,23,49,Saturday,8,76
Bank,Cardiology,91,5,7,17,Tuesday,8,46
Government Office,Loan Department,91,11,0,49,Thursday,15,50
Hospital,Customer Service,9,4,20,44,Monday,8,48
Hospital,Customer Service,35,14,3,15,Tuesday,17,5
Hospital,Cardiology,9,5,21,36,Tuesday,17,50
Hospital,General,68,10,5,51,Monday,15,57
Bank,Emergency,77,2,14,54,Thursday,16,86
Hospital,Emergency,53,4,3,18,Saturday,10,32
Hospital,Customer Service,25,4,11,31,Friday,17,34
Bank,General,6,6,12,57,Thursday,15,47
Hospital,General,102,11,9,19,Tuesday,19,51
Bank,General,44,2,22,13,Thursday,8,55
Government Office,General,93,2,21,56,Saturday,19,85
Government Office,Emergency,89,12,18,50,Monday,11,60
Government Office,General,117,12,8,51,Tuesday,14,82
Bank,Loan Department,25,13,20,12,Friday,9,27
Bank,General,112,11,21,26,Friday,14,98
Hospital,Loan Department,93,6,12,22,Saturday,18,61
Bank,Cardiology,31,2,14,55,Monday,11,51
Bank,General,92,12,12,26,Saturday,14,75
Bank,Customer Service,7,6,18,27,Saturday,15,53
Government Office,Emergency,34,7,11,51,Thursday,20,38
Bank,Customer Service,110,10,15,12,Tuesday,15,81
Bank,Loan Department,112,5,2,5,Monday,8,41
Government Office,Emergency,102,11,24,14,Saturday,17,69
Bank,Cardiology,50,7,1,45,Wednesday,12,44
Hospital,General,90,10,21,16,Monday,11,53
Government Office,Customer Service,82,14,24,38,Saturday,8,69
Government Office,General,99,7,5,23,Tuesday,10,53
Government Office,Loan Department,62,4,14,8,Wednesday,12,66
Bank,Emergency,30,5,5,25,Tuesday,10,23
Bank,Cardiology,108,7,20,14,Thursday,13,83
Government Office,Emergency,49,4,16,59,Friday,16,85
Hospital,Emergency,8,13,13,7,Friday,14,19
Government Office,Cardiology,8,8,23,38,Thursday,14,54
Government Office,Customer Service,23,12,18,53,Thursday,9,32
Hospital,General,113,12,5,57,Saturday,15,73
Government Office,Cardiology,68,3,15,49,Monday,11,67
Government Office,Customer Service,101,2,19,53,Friday,14,105
Hospital,Emergency,96,11,14,15,Saturday,18,47
Bank,Emergency,21,6,3,24,Saturday,8,17
Hospital,Emergency,19,6,14,18,Thursday,18,32
Hospital,Loan Department,20,5,24,56,Friday,17,66
Government Office,Emergency,14,2,2,17,Wednesday,20,15
Bank,Customer Service,113,6,16,49,Saturday,13,108
Bank,General,23,10,2,50,Tuesday,10,9
Bank,Emergency,88,1,20,14,Saturday,12,87
Bank,Customer Service,104,6,3,43,Thursday,12,69
Hospital,General,28,9,3,25,Monday,11,5
Government Office,General,112,10,21,32,Monday,15,90
Bank,Emergency,14,6,9,29,Monday,15,31
Bank,Loan Department,74,12,8,49,Saturday,20,46
Hospital,Customer Service,72,2,0,31,Thursday,12,64
Hospital,Loan Department,74,2,23,15,Monday,14,91
Hospital,Emergency,25,10,11,18,Tuesday,14,35
Government Office,Cardiology,41,10,20,22,Friday,16,59
Bank,Emergency,92,1,18,55,Thursday,12,103
Government Office,Loan Department,89,12,24,45,Tuesday,16,86
Government Office,Loan Department,37,1,23,38,Thursday,13,84
Hospital,Customer Service,62,11,8,43,Tuesday,19,37
Bank,General,114,6,1,5,Friday,13,67
Government Office,Customer Service,89,5,1,26,Saturday,17,43
Government Office,Emergency,20,3,6,26,Friday,9,27
Government Office,Customer Service,92,8,5,14,Friday,19,29
Government Office,Emergency,24,10,3,50,Saturday,12,29
Hospital,Loan Department,90,8,7,25,Monday,11,41
Government Office,Cardiology,109,8,16,6,Friday,18,66
Government Office,Emergency,7,8,11,37,Friday,16,41
Bank,General,56,7,24,54,Thursday,14,86
Bank,Customer Service,23,5,18,15,Thursday,18,39
Hospital,General,96,9,3,41,Wednesday,15,53
Bank,Loan Department,76,7,8,51,Wednesday,12,54
Bank,Loan Department,16,2,6,20,Thursday,13,41
Government Office,Cardiology,113,3,17,47,Friday,10,89
Hospital,General,36,12,15,47,Saturday,12,48
Government Office,General,8,14,5,50,Saturday,12,17
Bank,Emergency,67,13,22,57,Saturday,8,71
Government Office,Cardiology,34,13,1,8,Monday,12,5
Government Office,Customer Service,29,3,0,8,Thursday,12,27
Bank,Emergency,24,2,4,39,Friday,16,44
Government Office,General,106,2,5,23,Wednesday,11,59
Government Office,Customer Service,48,9,10,6,Monday,19,23
Government Office,Customer Service,92,2,21,7,Monday,12,99
Hospital,Cardiology,96,14,15,25,Thursday,19,48
Government Office,Loan Department,45,3,14,22,Saturday,9,55
Bank,Customer Service,79,9,22,52,Thursday,17,83
Bank,Loan Department,15,14,14,31,Friday,19,17
Bank,Cardiology,37,4,15,38,Monday,10,55
Government Office,Loan Department,51,7,5,13,Wednesday,19,17
Bank,General,5,8,22,27,Tuesday,11,34
Hospital,Emergency,29,6,14,25,Wednesday,17,32
Bank,Cardiology,61,5,20,50,Tuesday,10,73
Bank,General,43,9,2,17,Monday,8,12
Bank,Cardiology,119,1,5,31,Friday,9,67
Hospital,Cardiology,50,6,13,40,Friday,15,64
Government Office,Loan Department,76,14,2,23,Thursday,12,30
Hospital,Loan Department,18,10,5,27,Thursday,15,21
Bank,Cardiology,52,9,18,50,Saturday,13,71
Government Office,Cardiology,32,4,12,11,Saturday,16,48
Government Office,Cardiology,23,4,13,42,Friday,16,47
Government Office,Cardiology,57,3,8,18,Monday,18,43
Hospital,General,72,11,3,32,Tuesday,16,44
Bank,Customer Service,45,8,22,20,Wednesday,13,70
Government Office,Loan Department,66,1,15,34,Saturday,20,58
Government Office,Loan Department,89,5,4,52,Thursday,9,53
Government Office,General,105,3,11,37,Saturday,11,75
Government Office,Cardiology,72,3,16,38,Saturday,16,92
Government Office,Customer Service,100,1,7,49,Saturday,15,85
Hospital,Loan Department,80,14,14,19,Monday,13,56
Bank,General,23,10,19,33,Tuesday,16,58
Government Office,Emergency,8,7,6,32,Friday,10,10
Bank,Emergency,8,6,11,49,Friday,19,28
Bank,Customer Service,5,8,22,42,Wednesday,16,47
Bank,Emergency,90,9,17,21,Monday,13,76
Bank,Customer Service,12,3,9,5,Saturday,18,15
Bank,Customer Service,97,13,16,39,Wednesday,16,77
Hospital,Emergency,88,8,16,17,Wednesday,20,52
Hospital,Emergency,106,1,13,53,Monday,20,86
Government Office,Emergency,53,14,9,47,Friday,12,40
Government Office,Emergency,109,9,23,41,Saturday,13,106
Bank,Emergency,55,11,6,59,Wednesday,12,46
Bank,General,43,13,10,50,Tuesday,16,40
Government Office,Customer Service,23,12,7,12,Friday,19,5
Hospital,Emergency,113,12,15,37,Tuesday,20,64
Government Office,Loan Department,51,7,16,51,Thursday,20,56
Hospital,General,86,2,1,8,Monday,11,35
Government Office,Loan Department,105,3,14,32,Saturday,9,67
Bank,General,88,1,0,16,Friday,15,57
Hospital,Emergency,6,13,8,14,Monday,14,8
Hospital,Emergency,55,11,12,14,Saturday,9,24
Hospital,Cardiology,43,12,2,24,Saturday,16,22
Government Office,Loan Department,31,5,1,33,Monday,13,33
Government Office,General,6,1,8,16,Wednesday,15,32
Hospital,Emergency,111,1,22,49,Tuesday,10,109
Hospital,Emergency,99,9,22,28,Monday,8,75
Bank,General,42,12,20,58,Friday,16,65
Hospital,Cardiology,77,5,5,34,Friday,20,51
Government Office,General,112,2,2,7,Wednesday,19,43
Hospital,Customer Service,61,6,3,37,Thursday,17,30
Bank,Loan Department,43,2,23,32,Wednesday,15,77
Hospital,Cardiology,69,1,14,24,Wednesday,15,77
Government Office,Customer Service,33,10,17,32,Friday,10,39
Bank,Emergency,42,5,7,38,Saturday,8,41
Bank,General,60,12,5,5,Saturday,11,14
Government Office,Emergency,8,10,13,58,Friday,20,29
Hospital,Cardiology,68,11,9,55,Friday,18,35
Hospital,Cardiology,41,10,4,39,Friday,12,33
Government Office,Customer Service,10,4,17,13,Friday,14,46
Hospital,Loan Department,100,6,3,9,Saturday,20,44
Hospital,Customer Service,109,1,12,38,Wednesday,12,94
Government Office,Emergency,55,3,9,38,Wednesday,14,60
Bank,Customer Service,55,10,16,25,Saturday,20,36
Government Office,Emergency,15,7,3,55,Thursday,19,13
Hospital,General,96,8,2,17,Monday,8,36
Bank,Cardiology,21,3,17,44,Monday,10,61
Bank,Loan Department,28,10,18,41,Friday,13,51
Hospital,Loan Department,21,5,3,58,Tuesday,12,42
Government Office,Cardiology,68,11,20,38,Saturday,10,59
Hospital,Loan Department,25,6,10,43,Saturday,19,41
Government Office,General,9,1,23,24,Monday,19,49
Government Office,Loan Department,21,3,18,30,Friday,13,61
Hospital,General,112,4,5,59,Tuesday,19,65
Government Office,Cardiology,66,8,22,19,Monday,8,56
Hospital,Loan Department,79,9,18,54,Saturday,18,72
Hospital,Customer Service,86,12,18,51,Wednesday,18,66
Hospital,Emergency,11,13,2,52,Tuesday,11,5
Hospital,Loan Department,71,11,4,17,Friday,13,34
Government Office,Cardiology,35,7,15,54,Thursday,20,57
Bank,Customer Service,71,6,9,46,Thursday,18,51
Bank,Emergency,84,12,1,45,Friday,12,42
Bank,Customer Service,98,3,18,54,Friday,16,101
Bank,Loan Department,30,1,7,11,Tuesday,15,49
Hospital,Customer Service,17,8,7,9,Thursday,12,15
Hospital,Emergency,77,1,3,39,Tuesday,19,48
Government Office,Cardiology,38,14,13,8,Saturday,16,31
Bank,Emergency,79,3,7,7,Thursday,13,65
Bank,Customer Service,49,13,18,42,Monday,9,53
Bank,Customer Service,44,1,22,38,Thursday,9,74
Bank,Emergency,70,2,12,51,Monday,19,72
Government Office,Cardiology,38,7,2,12,Saturday,19,7
Hospital,Cardiology,31,6,6,57,Friday,14,45
Bank,Cardiology,69,1,8,34,Wednesday,14,71
Bank,Emergency,23,9,24,26,Friday,12,61
Government Office,Loan Department,59,7,9,14,Tuesday,8,35
Hospital,Customer Service,36,2,13,54,Saturday,11,61
Government Office,Loan Department,114,4,20,28,Monday,19,92
Hospital,Emergency,81,11,22,12,Friday,11,50
Hospital,Emergency,16,7,13,38,Wednesday,9,32
Hospital,Customer Service,109,12,16,19,Tuesday,18,56
Government Office,General,99,1,17,36,Monday,16,105
Hospital,General,54,8,8,10,Monday,15,42
Government Office,Customer Service,48,9,10,5,Saturday,12,39
Hospital,General,48,4,3,22,Saturday,9,21
Hospital,Cardiology,17,3,16,10,Wednesday,10,36
Bank,General,21,10,22,30,Friday,12,54
Government Office,General,37,12,24,59,Saturday,20,61
Bank,General,28,12,10,21,Monday,8,20
Government Office,General,51,9,8,25,Saturday,11,39
Government Office,Cardiology,46,1,4,58,Tuesday,12,59
Hospital,General,32,9,2,51,Wednesday,14,34
Bank,Emergency,112,9,6,45,Thursday,10,55
Hospital,Customer Service,86,5,12,40,Saturday,20,62
Bank,Emergency,42,11,21,26,Saturday,16,61
Government Office,Emergency,104,13,22,49,Thursday,8,77
Government Office,Loan Department,11,4,17,7,Friday,15,43
Government Office,Loan Department,74,12,11,25,Wednesday,19,36
Government Office,Customer Service,104,5,10,39,Tuesday,8,78
Hospital,Loan Department,61,1,21,58,Monday,20,75
Government Office,Cardiology,78,14,12,41,Tuesday,12,59
Hospital,Loan Department,28,2,21,21,Monday,13,68
Government Office,Loan Department,7,6,16,16,Thursday,16,36
Government Office,Customer Service,28,13,10,29,Thursday,13,30
Hospital,Customer Service,69,4,22,32,Wednesday,13,92
Bank,Emergency,108,12,11,31,Monday,8,51
Hospital,Cardiology,38,5,5,11,Tuesday,16,36
Bank,Loan Department,29,1,22,11,Saturday,12,63
Government Office,Cardiology,104,13,6,40,Thursday,18,38
Government Office,Customer Service,77,11,7,37,Monday,10,30
Hospital,Loan Department,90,11,3,44,Wednesday,20,43
Hospital,Cardiology,33,9,1,38,Tuesday,10,20
Bank,Customer Service,48,10,3,30,Friday,14,32
Bank,Cardiology,13,7,4,36,Thursday,15,33
Bank,Customer Service,26,9,16,30,Friday,19,40
Hospital,Loan Department,75,10,24,30,Saturday,19,65
Bank,Cardiology,15,13,20,12,Friday,10,25
Bank,Customer Service,72,12,10,47,Monday,15,64
Bank,Cardiology,51,9,13,54,Wednesday,16,58
Bank,Loan Department,117,2,4,24,Friday,17,60
Government Office,General,37,2,5,31,Saturday,13,58
Bank,Loan Department,19,13,20,50,Friday,9,35
Bank,Loan Department,66,2,13,14,Wednesday,13,67
Government Office,Loan Department,99,14,2,34,Tuesday,20,32
Hospital,Loan Department,111,12,0,21,Thursday,20,39
Government Office,Customer Service,81,2,10,35,Saturday,18,63
Hospital,Cardiology,105,9,17,23,Thursday,18,70
Bank,Loan Department,59,6,21,22,Wednesday,14,77
Bank,Cardiology,12,13,9,12,Saturday,14,15
Hospital,Emergency,115,14,0,47,Wednesday,11,35
Hospital,Customer Service,118,6,21,48,Thursday,15,113
Hospital,Customer Service,41,10,3,41,Monday,16,38
Hospital,General,89,8,9,44,Wednesday,18,45
Government Office,Cardiology,59,8,15,31,Saturday,9,44
Hospital,Emergency,71,12,12,49,Tuesday,20,43
Government Office,Customer Service,104,9,21,59,Monday,17,81
Government Office,Cardiology,98,3,2,53,Friday,12,67
Government Office,Cardiology,95,10,13,21,Saturday,14,65
Bank,Customer Service,57,11,17,8,Tuesday,11,41
Bank,General,118,1,12,24,Tuesday,8,81
Bank,Loan Department,45,9,4,5,Wednesday,18,6
Government Office,Loan Department,26,2,23,49,Monday,8,64
Bank,Cardiology,60,3,20,39,Thursday,18,63
Bank,Cardiology,30,3,18,49,Thursday,19,61
Bank,Customer Service,30,8,4,25,Saturday,14,27
Bank,Emergency,27,10,19,19,Wednesday,11,26
Government Office,Customer Service,45,3,15,43,Wednesday,15,72
Bank,Emergency,114,9,3,19,Thursday,19,45
Bank,Customer Service,31,8,3,38,Saturday,15,37
Bank,Loan Department,28,8,9,8,Friday,20,7
Government Office,Loan Department,113,5,20,45,Friday,14,109
Government Office,Loan Department,64,6,5,41,Tuesday,16,51
Government Office,Cardiology,42,5,19,7,Wednesday,14,64
Government Office,Cardiology,90,4,11,42,Saturday,10,71
Hospital,Emergency,73,13,22,54,Thursday,16,87
Hospital,Customer Service,29,11,18,18,Thursday,12,43
Government Office,Loan Department,104,7,15,26,Monday,13,80
Government Office,General,58,5,7,53,Wednesday,12,56
Bank,Emergency,78,11,1,13,Wednesday,17,10
Government Office,General,15,10,21,21,Monday,8,24
Bank,General,25,5,5,53,Saturday,16,48
Government Office,Emergency,67,9,18,40,Monday,8,58
Government Office,Cardiology,108,7,5,5,Wednesday,9,48
Government Office,General,43,13,24,21,Wednesday,14,57
Government Office,Customer Service,56,5,2,21,Monday,11,24
Hospital,General,80,13,22,5,Monday,8,50
Hospital,General,36,4,17,53,Monday,11,48
Hospital,Emergency,47,4,2,44,Thursday,10,35
Hospital,Loan Department,65,7,3,28,Tuesday,9,37
Government Office,Loan Department,33,3,5,37,Thursday,18,40
Bank,Customer Service,108,13,15,39,Wednesday,13,78
Bank,General,80,11,10,14,Friday,10,40
Government Office,General,27,2,23,26,Thursday,19,64
Hospital,Emergency,61,5,7,11,Friday,10,36
Hospital,Loan Department,20,7,18,55,Saturday,9,46
Bank,General,84,8,0,53,Friday,9,40
Government Office,General,31,12,16,10,Wednesday,12,36
Hospital,Emergency,9,9,13,9,Tuesday,8,10
Government Office,Loan Department,90,5,1,34,Monday,10,36
Bank,Loan Department,72,1,12,24,Thursday,14,81
Government Office,Loan Department,23,6,23,24,Tuesday,14,70
Bank,Customer Service,28,2,9,45,Friday,20,34
Hospital,Loan Department,62,5,8,9,Monday,13,51
Hospital,General,94,4,8,53,Friday,9,62
Bank,General,7,10,1,29,Thursday,18,5
Hospital,Emergency,84,2,23,14,Saturday,10,76
Hospital,Customer Service,43,11,14,42,Saturday,14,54
Government Office,Emergency,95,9,21,24,Friday,11,79
Government Office,Cardiology,34,5,1,26,Saturday,9,23
Bank,Emergency,10,11,9,13,Friday,10,7
Bank,Emergency,63,4,1,33,Friday,16,56
Bank,Cardiology,69,3,24,14,Thursday,11,67
Government Office,Cardiology,52,5,23,26,Saturday,10,66
Bank,Loan Department,102,14,24,49,Wednesday,11,77
Hospital,Emergency,11,1,8,40,Wednesday,11,31
Hospital,General,5,10,3,13,Wednesday,10,5
Government Office,General,52,6,16,14,Wednesday,13,62
Hospital,Emergency,31,6,17,39,Monday,9,48
Government Office,Customer Service,97,11,8,31,Saturday,11,48
Government Office,Emergency,23,8,16,47,Friday,17,33
Hospital,Cardiology,113,8,6,53,Wednesday,11,68
Bank,Customer Service,27,4,14,37,Monday,12,54
Bank,Cardiology,44,11,17,7,Friday,9,26
Bank,General,37,11,15,22,Saturday,17,22
Government Office,Cardiology,42,3,3,17,Saturday,9,19
Hospital,Loan Department,50,3,9,42,Tuesday,15,67
Government Office,Customer Service,55,14,9,21,Wednesday,15,40
Hospital,Customer Service,10,11,24,43,Wednesday,16,52
Hospital,Emergency,41,9,17,25,Saturday,13,48
Bank,Cardiology,65,10,10,42,Monday,9,34
Bank,Cardiology,111,5,14,32,Wednesday,19,66
Government Office,Customer Service,102,6,10,17,Monday,9,58
Government Office,General,111,6,23,8,Thursday,20,73
Hospital,Customer Service,83,1,22,7,Wednesday,19,86
Government Office,Emergency,106,6,20,52,Monday,8,85
Government Office,Loan Department,9,1,9,32,Wednesday,20,33
Hospital,Loan Department,51,4,18,39,Saturday,20,63
Bank,Customer Service,73,1,3,16,Wednesday,11,42
Government Office,General,29,5,19,28,Monday,14,54
Hospital,Customer Service,113,7,13,36,Saturday,16,91
Hospital,Loan Department,53,10,6,20,Monday,17,25
Government Office,Cardiology,117,5,8,10,Friday,8,61
Government Office,Loan Department,45,6,4,46,Tuesday,13,61
Bank,Customer Service,85,12,22,20,Saturday,14,74
Bank,Cardiology,77,13,14,41,Monday,13,71
Bank,Emergency,17,14,19,51,Saturday,14,33
Government Office,General,108,5,1,41,Wednesday,14,68
Hospital,Loan Department,112,2,21,58,Tuesday,13,116
Bank,Emergency,119,4,1,13,Wednesday,19,46
Government Office,Loan Department,32,11,13,43,Wednesday,17,30
Bank,General,19,14,23,12,Tuesday,10,23
Hospital,General,13,1,0,23,Saturday,18,8
Hospital,Cardiology,69,13,17,38,Wednesday,17,58
Bank,General,17,6,0,38,Tuesday,10,9
Hospital,General,33,7,23,30,Saturday,20,62
Government Office,Cardiology,75,13,4,30,Friday,8,25
Hospital,Customer Service,107,5,0,53,Thursday,8,58
Hospital,Loan Department,47,9,2,19,Friday,8,12
Hospital,Loan Department,20,9,21,32,Wednesday,17,42
Government Office,General,60,1,24,26,Wednesday,16,92
Bank,Emergency,109,7,13,33,Friday,10,76
Government Office,Loan Department,23,2,8,49,Thursday,10,36
Government Office,General,108,2,18,52,Wednesday,16,110
Bank,Emergency,100,8,21,10,Friday,9,75
Government Office,Loan Department,83,12,19,53,Thursday,11,55
Hospital,General,86,2,12,49,Tuesday,20,70
Government Office,Cardiology,63,7,3,56,Monday,15,54
Government Office,Cardiology,99,11,10,6,Wednesday,18,42
Government Office,Customer Service,35,12,1,19,Tuesday,19,11
Bank,Customer Service,40,8,8,41,Wednesday,16,35
Bank,General,85,3,4,23,Saturday,17,49
Government Office,Loan Department,33,11,6,32,Tuesday,19,16
Bank,Customer Service,62,1,15,27,Tuesday,20,62
Government Office,Cardiology,25,10,3,46,Saturday,10,22
Hospital,Cardiology,80,10,12,15,Thursday,17,48
Government Office,General,20,8,7,44,Friday,13,41
Bank,Loan Department,14,12,10,19,Saturday,19,8
Bank,Emergency,94,2,17,16,Friday,8,65
Hospital,General,66,6,24,51,Tuesday,8,68
Bank,Customer Service,42,3,0,34,Tuesday,10,21
Bank,Customer Service,114,13,3,11,Monday,17,32
Government Office,Emergency,78,7,20,19,Saturday,13,78
Bank,Customer Service,74,8,19,41,Thursday,14,87
Government Office,Cardiology,80,1,7,5,Tuesday,11,40
Hospital,Customer Service,25,3,14,9,Monday,20,32
Government Office,Emergency,50,2,15,10,Monday,19,42
Government Office,Loan Department,108,13,6,44,Thursday,15,62
Bank,Emergency,106,2,1,12,Wednesday,20,52
Bank,Cardiology,52,11,19,16,Wednesday,13,49
Bank,Cardiology,65,11,9,7,Monday,18,25
Bank,Cardiology,39,4,10,25,Thursday,8,34
Government Office,Customer Service,58,11,15,57,Friday,10,54
Government Office,Cardiology,36,7,14,47,Wednesday,11,50
Hospital,Cardiology,103,3,15,9,Saturday,17,72
Government Office,Cardiology,72,13,18,47,Saturday,16,75
Government Office,General,78,13,10,29,Thursday,9,40
Hospital,General,15,14,1,59,Saturday,15,9
Hospital,General,73,11,4,55,Wednesday,19,36
Government Office,Customer Service,117,10,19,42,Tuesday,13,82
Hospital,Cardiology,18,11,10,22,Tuesday,16,31
Hospital,Loan Department,91,11,20,48,Friday,15,85
Government Office,Customer Service,91,9,24,45,Tuesday,12,97
Government Office,Customer Service,68,7,3,5,Monday,8,20
Hospital,General,80,6,21,54,Saturday,15,100
Hospital,Loan Department,24,2,15,37,Monday,9,49
Hospital,Emergency,63,11,14,16,Saturday,14,62
Bank,Emergency,7,12,23,30,Monday,13,44
Government Office,Cardiology,81,2,4,53,Monday,20,60
Bank,Customer Service,79,8,11,44,Friday,17,54
Bank,Emergency,26,4,7,33,Thursday,18,24
Bank,Emergency,59,14,10,11,Wednesday,11,20
Hospital,Loan Department,63,8,15,31,Monday,20,46
Bank,Cardiology,39,3,19,41,Tuesday,16,80
Hospital,Cardiology,85,7,24,12,Monday,17,70
Hospital,Emergency,16,1,16,46,Wednesday,12,61
Bank,Cardiology,23,14,10,38,Friday,20,13
Government Office,Cardiology,92,10,19,19,Tuesday,13,70
Hospital,Emergency,88,3,4,44,Thursday,12,69
Government Office,Loan Department,97,14,23,14,Saturday,15,75
Hospital,Cardiology,32,1,3,17,Wednesday,14,37
Hospital,Emergency,92,8,22,26,Wednesday,13,91
Hospital,Emergency,35,7,10,32,Friday,9,26
Hospital,Loan Department,14,8,13,28,Wednesday,13,40
Government Office,Customer Service,48,12,22,21,Friday,10,46
Hospital,Customer Service,61,7,9,57,Friday,17,49
Hospital,Loan Department,102,9,21,17,Wednesday,15,90
Government Office,Customer Service,44,1,14,46,Monday,19,49
Bank,Customer Service,43,13,16,36,Saturday,14,48
Government Office,General,89,2,12,20,Saturday,18,69
Bank,Cardiology,67,12,11,42,Friday,16,54
Bank,Cardiology,52,2,15,59,Wednesday,10,72
Hospital,Customer Service,72,11,24,36,Friday,14,80
Hospital,Emergency,117,5,5,23,Tuesday,8,58
Government Office,Emergency,64,10,13,35,Thursday,20,46
Government Office,Cardiology,29,13,5,42,Thursday,15,25
Government Office,Emergency,96,5,2,32,Friday,15,50
Government Office,Loan Department,100,13,5,12,Tuesday,13,46
Government Office,General,76,14,24,10,Wednesday,14,74
Government Office,General,63,12,16,35,Saturday,10,43
Hospital,General,73,14,19,29,Monday,20,62
Government Office,Loan Department,8,13,12,46,Friday,13,42
Hospital,Emergency,53,4,19,17,Saturday,9,52
Bank,Customer Service,19,13,16,28,Friday,8,17
Hospital,Emergency,76,2,12,27,Saturday,17,57
Government Office,Cardiology,115,11,12,43,Friday,17,63
Government Office,Cardiology,117,12,24,20,Monday,12,101
Hospital,Emergency,34,7,12,36,Friday,8,39
Bank,Emergency,97,14,17,17,Wednesday,9,58
Hospital,Emergency,85,8,18,56,Friday,14,93
Government Office,General,56,10,11,35,Friday,16,54
Bank,Customer Service,61,4,8,58,Wednesday,8,50
Hospital,General,48,3,10,38,Tuesday,8,44
Government Office,Customer Service,101,13,13,12,Saturday,19,41
Hospital,General,31,14,11,5,Wednesday,15,16
Bank,Emergency,15,7,10,35,Friday,10,25
Government Office,Customer Service,101,10,20,25,Tuesday,8,63
Bank,Loan Department,68,3,21,12,Saturday,20,61
Bank,Loan Department,53,3,18,15,Saturday,16,66
Bank,Cardiology,67,8,18,43,Friday,9,55
Government Office,General,21,6,18,42,Thursday,19,49
Bank,Customer Service,119,4,3,26,Wednesday,12,68
Bank,Emergency,53,11,3,17,Monday,17,18
Hospital,Customer Service,62,12,2,50,Tuesday,10,32
Bank,Cardiology,60,11,0,46,Monday,15,41
Bank,Customer Service,76,8,15,54,Thursday,19,62
Government Office,Cardiology,42,12,8,51,Monday,11,29
Bank,Loan Department,18,13,24,38,Tuesday,15,48
Government Office,Loan Department,28,14,21,46,Thursday,10,40
Bank,Cardiology,14,3,2,28,Friday,15,32
Hospital,Emergency,71,10,15,53,Tuesday,12,68
Government Office,Cardiology,91,2,19,16,Wednesday,9,85
Government Office,Emergency,8,7,15,59,Thursday,14,52
Bank,Cardiology,34,3,20,29,Thursday,9,51
Government Office,General,53,4,21,25,Friday,11,64
Hospital,Cardiology,19,10,13,56,Monday,13,55
Hospital,Emergency,25,8,24,9,Saturday,16,55
Bank,General,51,7,3,31,Monday,19,25
Bank,Customer Service,25,12,2,26,Tuesday,9,9
Bank,Customer Service,118,10,24,56,Tuesday,15,112
Government Office,General,76,7,10,9,Wednesday,8,38
Bank,Customer Service,97,5,8,52,Wednesday,13,80
Bank,Emergency,69,8,18,34,Tuesday,9,58
Bank,Loan Department,94,13,7,58,Wednesday,14,67
Hospital,Emergency,98,9,6,35,Wednesday,19,46
Government Office,General,35,4,24,16,Monday,9,60
Hospital,Customer Service,59,6,7,41,Wednesday,8,34
Hospital,Emergency,58,10,20,19,Monday,17,52
Bank,Cardiology,26,6,2,49,Wednesday,8,18
Bank,General,21,6,12,21,Tuesday,8,29
Bank,Loan Department,85,14,12,10,Saturday,13,44
Bank,General,65,6,12,53,Monday,15,74
Government Office,Emergency,39,12,5,9,Friday,12,22
Government Office,General,38,10,14,9,Thursday,16,43
Hospital,Loan Department,24,6,5,54,Wednesday,17,27
Government Office,Emergency,11,12,22,19,Saturday,20,29
Government Office,General,67,11,14,48,Monday,10,55
Hospital,Cardiology,104,3,15,48,Wednesday,11,91
Bank,Loan Department,28,13,16,11,Monday,15,32
Government Office,Cardiology,17,6,13,41,Friday,11,32
Government Office,General,44,11,15,32,Thursday,11,36
Bank,Customer Service,35,3,21,12,Thursday,9,44
Bank,General,19,11,8,43,Saturday,15,33
Hospital,Cardiology,112,3,6,46,Saturday,15,85
Bank,Customer Service,61,3,9,42,Saturday,20,62
Government Office,General,43,12,1,47,Monday,20,15
Bank,General,27,5,5,50,Monday,20,30
Bank,Emergency,36,10,17,19,Monday,13,47
Bank,Customer Service,100,9,4,14,Wednesday,15,45
Government Office,General,67,3,9,15,Monday,18,49
Government Office,Cardiology,21,4,3,21,Saturday,18,10
Hospital,Cardiology,74,3,21,5,Friday,13,88
Bank,Cardiology,26,7,10,17,Saturday,11,30
Bank,Emergency,22,1,8,13,Wednesday,8,32
Government Office,Customer Service,78,3,14,9,Saturday,14,75
Bank,Cardiology,32,2,12,52,Friday,16,56
Government Office,General,78,14,9,50,Thursday,16,52
Bank,Customer Service,29,14,2,56,Tuesday,16,22
Hospital,Cardiology,14,3,10,15,Saturday,9,18
Bank,Cardiology,80,9,9,22,Tuesday,9,37
Government Office,Emergency,79,1,18,22,Saturday,13,91
Hospital,Customer Service,61,12,10,51,Wednesday,13,58
Hospital,Cardiology,80,12,12,8,Monday,17,37
Government Office,General,31,11,14,12,Wednesday,18,24
Bank,Customer Service,67,7,13,44,Thursday,14,69
Hospital,Cardiology,21,13,16,40,Monday,18,22
Hospital,General,12,5,15,40,Wednesday,12,41
Hospital,General,105,14,22,20,Thursday,19,63
Bank,Customer Service,75,13,19,41,Thursday,17,56
Hospital,Emergency,23,13,9,25,Monday,11,18
Government Office,Customer Service,31,7,19,33,Saturday,12,58
Government Office,Customer Service,6,6,15,22,Friday,11,22
Government Office,Customer Service,58,4,12,23,Tuesday,12,58
Government Office,Customer Service,97,4,21,56,Tuesday,13,111
Hospital,General,115,4,8,43,Thursday,11,75
Government Office,Emergency,115,9,19,13,Monday,11,68
Government Office,Loan Department,54,2,4,24,Wednesday,11,38
Government Office,Cardiology,62,4,11,38,Saturday,13,78
Bank,Cardiology,46,9,9,35,Monday,20,34
Bank,Cardiology,89,13,18,35,Saturday,16,79
Bank,Customer Service,36,2,19,14,Monday,12,57
Hospital,Cardiology,100,14,6,57,Tuesday,8,44
Government Office,General,92,1,10,59,Monday,18,79
Government Office,General,16,1,0,15,Thursday,9,6
Government Office,Loan Department,100,1,14,32,Friday,19,83
Government Office,Loan Department,28,4,11,23,Thursday,17,36
Bank,Loan Department,79,8,17,47,Saturday,17,62
Hospital,General,14,12,9,44,Tuesday,20,12
Hospital,Emergency,81,8,8,58,Monday,8,57
Hospital,Emergency,118,11,8,20,Tuesday,11,48
Government Office,Loan Department,36,10,24,6,Thursday,9,37
Government Office,Cardiology,77,10,24,38,Monday,17,70
Government Office,Cardiology,43,12,1,5,Wednesday,11,5
Bank,Loan Department,31,2,24,18,Tuesday,13,79
Bank,Customer Service,33,12,4,32,Tuesday,9,13
Bank,General,22,8,13,38,Thursday,12,35
Hospital,Emergency,80,6,23,10,Thursday,17,64
Hospital,Emergency,104,8,24,36,Thursday,20,92
Bank,Cardiology,49,4,19,22,Friday,8,48
Government Office,Cardiology,20,11,4,8,Friday,20,5
Hospital,General,108,3,13,43,Thursday,12,102
Bank,General,75,14,14,48,Tuesday,20,42
Bank,Loan Department,45,6,14,48,Tuesday,8,46
Hospital,Cardiology,91,8,13,19,Friday,11,56
Government Office,Emergency,101,5,2,21,Wednesday,18,41
Hospital,Emergency,36,8,12,24,Friday,14,46
Government Office,Customer Service,9,9,5,29,Friday,10,13
Bank,Cardiology,95,9,7,59,Tuesday,12,68
Bank,Customer Service,88,12,22,36,Friday,8,75
Hospital,Loan Department,20,3,19,50,Thursday,17,42
Bank,Loan Department,69,10,20,51,Tuesday,10,64
Hospital,Emergency,74,8,15,55,Friday,11,54
Bank,Cardiology,7,12,2,9,Monday,8,5
Hospital,Emergency,24,9,6,8,Friday,20,10
Bank,Emergency,23,6,12,47,Friday,10,34
Hospital,Cardiology,113,6,10,23,Monday,12,71
Hospital,Loan Department,76,10,15,55,Friday,15,88
Hospital,Emergency,13,4,23,23,Tuesday,19,44
Government Office,General,55,12,14,35,Thursday,14,55
Government Office,Customer Service,47,3,5,50,Wednesday,9,41
Government Office,Customer Service,106,1,9,32,Thursday,11,81
Hospital,General,11,11,6,8,Tuesday,15,14
Bank,Customer Service,16,10,5,50,Saturday,16,31
Hospital,Customer Service,50,5,23,20,Saturday,12,75
Bank,Emergency,17,9,21,58,Friday,16,69
Bank,Loan Department,100,1,6,50,Friday,18,65
Hospital,Customer Service,15,12,21,45,Wednesday,17,34
Bank,General,111,9,24,58,Friday,19,94
Government Office,Customer Service,87,1,3,18,Saturday,20,51
Bank,Emergency,71,14,19,33,Saturday,8,45
Government Office,Cardiology,83,14,23,29,Saturday,20,52
Hospital,Loan Department,68,6,19,42,Monday,12,76
Hospital,Loan Department,93,10,6,26,Friday,14,55
Hospital,Customer Service,14,9,6,52,Saturday,17,16
Hospital,General,54,6,19,37,Thursday,20,58
Hospital,Cardiology,8,1,3,47,Wednesday,9,19
Bank,Cardiology,94,4,0,11,Wednesday,13,58
Government Office,Emergency,12,13,23,23,Monday,10,30
Bank,General,54,4,10,31,Wednesday,11,40
Hospital,Emergency,33,3,14,35,Wednesday,19,48
Hospital,Emergency,41,1,6,52,Thursday,11,44
Government Office,Emergency,8,14,21,15,Wednesday,16,24
Government Office,Loan Department,112,12,3,22,Wednesday,9,35
Hospital,Cardiology,5,10,22,30,Thursday,20,29
Hospital,General,10,6,11,12,Saturday,20,16
Bank,Customer Service,99,14,4,34,Monday,9,43
Government Office,Emergency,46,1,9,41,Monday,16,67
Bank,Customer Service,13,6,20,16,Thursday,14,57
Bank,General,33,1,10,57,Tuesday,14,76
Bank,General,48,6,17,7,Friday,12,53
Bank,Customer Service,47,2,11,42,Saturday,14,65
Government Office,Emergency,99,10,10,8,Saturday,18,38
Bank,Emergency,86,4,16,38,Saturday,18,74
Government Office,Cardiology,10,10,24,59,Wednesday,19,55
Hospital,General,89,7,15,35,Saturday,16,92
Bank,Customer Service,55,7,16,13,Monday,19,49
Government Office,Customer Service,49,6,4,27,Thursday,17,23
Hospital,Emergency,78,11,6,19,Monday,18,35
Bank,Loan Department,33,11,14,7,Monday,14,33
Government Office,Cardiology,10,12,14,42,Wednesday,10,18
Bank,Cardiology,97,3,2,12,Thursday,20,41
Hospital,Emergency,55,5,2,49,Wednesday,11,32
Government Office,Loan Department,91,13,2,52,Tuesday,15,49
Bank,Emergency,75,7,5,38,Saturday,12,53
Bank,Cardiology,26,8,16,41,Tuesday,16,44
Hospital,Cardiology,60,1,24,54,Saturday,15,99
Bank,General,93,1,13,52,Friday,19,77
Bank,General,47,6,14,9,Thursday,14,55
Hospital,Customer Service,29,2,12,47,Friday,18,43
Bank,Customer Service,67,9,18,31,Thursday,19,56
Bank,General,108,4,0,8,Saturday,16,59
Bank,Loan Department,52,7,12,17,Friday,15,54
Hospital,Customer Service,29,4,21,22,Saturday,12,69
Government Office,Cardiology,49,2,14,16,Saturday,14,69
Bank,Customer Service,118,9,22,15,Thursday,20,78
Hospital,General,114,14,21,49,Monday,17,83
Hospital,General,92,9,0,55,Thursday,19,46
Government Office,General,23,2,11,59,Monday,15,69
Hospital,Cardiology,96,12,0,23,Tuesday,19,23
Bank,General,41,10,2,38,Tuesday,8,16
Government Office,Emergency,44,6,12,27,Saturday,10,36
Hospital,General,116,3,12,50,Saturday,19,86
Bank,Emergency,112,7,22,26,Thursday,15,107
Bank,Customer Service,111,7,12,47,Friday,18,68
Bank,Cardiology,91,1,20,43,Thursday,9,100
Hospital,Loan Department,92,3,14,44,Wednesday,9,84
Hospital,Loan Department,46,7,17,52,Tuesday,10,47
Bank,Loan Department,113,9,20,30,Thursday,16,97
Bank,Loan Department,116,13,12,53,Tuesday,15,79
Government Office,Loan Department,96,1,8,6,Monday,12,70
Bank,Cardiology,62,2,8,10,Saturday,16,56
Hospital,General,49,11,13,6,Friday,13,42
Government Office,Loan Department,7,7,20,39,Saturday,15,49
Hospital,Customer Service,113,3,0,40,Wednesday,15,81
Hospital,Cardiology,49,1,10,38,Saturday,16,67
Hospital,Cardiology,27,3,24,20,Thursday,10,61
Hospital,Loan Department,119,9,0,46,Friday,13,64
Bank,Emergency,108,7,17,38,Saturday,19,75
Bank,Emergency,49,6,20,10,Tuesday,16,61
Government Office,Loan Department,35,10,9,34,Wednesday,14,40
Hospital,Customer Service,22,12,23,56,Wednesday,16,68
Government Office,Loan Department,67,8,8,49,Tuesday,11,37
Hospital,Emergency,30,4,16,20,Wednesday,16,60
Government Office,Emergency,9,4,14,22,Saturday,12,34
Bank,Emergency,97,13,3,46,Thursday,9,35
Bank,Emergency,12,3,15,50,Saturday,16,62
Government Office,General,98,5,10,39,Wednesday,16,79
Government Office,General,78,12,23,13,Wednesday,12,65
Hospital,Loan Department,75,2,21,27,Friday,11,83
Bank,General,27,13,13,30,Friday,12,37
Hospital,General,73,7,24,35,Friday,10,74
Government Office,Customer Service,113,2,24,17,Friday,8,98
Hospital,Emergency,107,12,9,59,Monday,17,51
Bank,Customer Service,79,6,19,9,Tuesday,9,61
Hospital,Cardiology,90,11,18,51,Saturday,10,71
Government Office,Cardiology,59,3,22,18,Saturday,19,69
Hospital,Emergency,87,6,3,11,Saturday,8,35
Government Office,General,76,2,15,56,Tuesday,10,79
Government Office,Customer Service,46,1,12,17,Monday,10,48
Government Office,Cardiology,29,6,23,22,Saturday,11,52
Hospital,Cardiology,10,13,24,59,Saturday,14,68
Government Office,Emergency,119,14,1,32,Monday,17,39
Government Office,Emergency,79,6,13,55,Friday,10,66
Bank,Emergency,107,14,7,55,Saturday,15,69
Government Office,Emergency,116,6,6,13,Saturday,11,56
Government Office,Loan Department,60,6,3,39,Friday,15,50
Government Office,Customer Service,7,6,12,44,Thursday,18,28
Government Office,Emergency,45,11,10,46,Saturday,14,47
Bank,Loan Department,37,2,3,41,Tuesday,12,60
Bank,Loan Department,52,5,15,36,Wednesday,10,54
Bank,General,51,14,2,56,Wednesday,10,27
Government Office,Customer Service,35,1,23,56,Saturday,20,73
Government Office,Emergency,86,2,21,18,Friday,14,91
Bank,Emergency,19,2,3,59,Wednesday,18,30
Hospital,Loan Department,83,3,14,17,Saturday,15,82
Bank,Emergency,36,14,19,53,Friday,20,37
Hospital,Cardiology,5,2,14,48,Saturday,20,34
Hospital,Customer Service,75,13,22,35,Saturday,9,60
Government Office,General,29,6,13,12,Saturday,20,26
Government Office,Cardiology,82,9,23,34,Monday,12,75
Hospital,Emergency,88,5,20,26,Friday,20,77
Hospital,Loan Department,117,11,16,20,Tuesday,17,64
Bank,Emergency,6,4,20,43,Monday,17,50
Hospital,Cardiology,93,5,4,24,Friday,14,54
Government Office,General,109,5,7,13,Monday,10,49
Government Office,Emergency,111,4,21,26,Wednesday,16,102
Hospital,General,38,7,5,50,Monday,13,46
Government Office,Cardiology,5,8,3,8,Thursday,8,5
Hospital,General,86,11,10,36,Monday,20,42
Hospital,Emergency,104,12,5,20,Monday,14,58
Bank,Emergency,91,2,9,28,Wednesday,9,62
Hospital,Emergency,58,13,16,41,Friday,9,41
Hospital,Cardiology,43,13,9,21,Monday,18,18
Government Office,General,22,10,6,44,Thursday,15,31
Hospital,Cardiology,90,10,0,8,Monday,13,40
Bank,Cardiology,51,12,9,55,Tuesday,16,47
Bank,General,55,6,19,28,Tuesday,15,65
Bank,Customer Service,67,9,22,39,Saturday,13,81
Hospital,Loan Department,26,11,19,33,Saturday,20,37
Bank,Customer Service,35,14,15,22,Friday,8,31
Bank,Customer Service,21,6,13,27,Friday,14,48
Bank,Loan Department,71,8,22,23,Tuesday,13,76
Government Office,General,48,2,2,54,Monday,16,58
Hospital,General,74,5,0,55,Friday,20,40
Government Office,Customer Service,95,5,20,20,Tuesday,8,77
Hospital,Cardiology,30,12,0,40,Monday,15,17
Hospital,General,68,11,16,27,Wednesday,17,47
Bank,General,83,2,13,49,Friday,19,75
Hospital,Loan Department,82,14,15,11,Saturday,11,48
Bank,General,85,5,11,10,Saturday,9,55
Government Office,General,36,9,19,5,Tuesday,13,50
Hospital,General,87,2,5,49,Thursday,13,70
Bank,General,27,7,12,11,Saturday,8,28
Hospital,General,68,11,24,9,Saturday,14,75
Bank,General,6,7,0,20,Monday,20,5
Hospital,Customer Service,30,3,14,7,Thursday,20,36
Bank,Emergency,33,2,0,45,Thursday,14,50
Hospital,Cardiology,36,2,10,11,Wednesday,17,35
Hospital,Cardiology,5,13,13,56,Thursday,16,27
Hospital,Cardiology,94,2,3,25,Saturday,14,74
Hospital,General,85,1,9,55,Monday,19,68
Bank,Loan Department,60,9,14,31,Monday,19,40
Hospital,Loan Department,85,14,17,6,Wednesday,19,45
Hospital,Emergency,19,9,22,26,Monday,20,28
Government Office,General,101,11,9,29,Thursday,17,43
Bank,Customer Service,45,13,23,44,Wednesday,13,69
Hospital,Customer Service,101,1,23,41,Monday,15,113
Government Office,Loan Department,66,8,8,8,Monday,19,36
Bank,Emergency,21,5,17,52,Saturday,8,56
Bank,Emergency,25,2,22,33,Thursday,12,77
Bank,Emergency,78,13,16,22,Saturday,15,56
Bank,Loan Department,86,1,8,18,Saturday,20,63
Bank,General,33,4,17,24,Tuesday,8,54
Bank,Emergency,13,13,14,31,Wednesday,19,25
Government Office,Emergency,105,7,18,30,Thursday,19,75
Bank,Loan Department,50,12,16,22,Thursday,17,39
Bank,General,7,2,0,46,Saturday,12,21
Hospital,Cardiology,53,8,2,47,Thursday,19,30
Government Office,Cardiology,59,10,2,12,Thursday,8,21
Government Office,Customer Service,65,6,0,53,Friday,15,54
Bank,Cardiology,14,6,15,20,Wednesday,16,51
Hospital,Customer Service,10,4,15,11,Tuesday,19,26
Bank,Emergency,82,11,13,11,Saturday,16,55
Bank,Cardiology,67,3,19,8,Friday,11,61
Government Office,Customer Service,30,11,1,18,Wednesday,20,5
Hospital,General,48,1,12,18,Wednesday,17,52
Government Office,Loan Department,102,12,20,32,Thursday,15,81
Hospital,Cardiology,77,7,14,17,Wednesday,17,51
Bank,General,85,14,15,6,Saturday,14,57
Government Office,Loan Department,59,12,7,6,Wednesday,10,14
Government Office,Loan Department,82,3,1,48,Monday,11,47
Government Office,General,26,2,11,56,Monday,11,48
Bank,Cardiology,98,5,18,44,Wednesday,18,88
Hospital,Loan Department,88,11,20,47,Monday,13,85
Government Office,Customer Service,52,7,4,15,Friday,12,41
Hospital,General,27,5,4,13,Saturday,12,26
Hospital,Emergency,97,6,16,30,Saturday,10,70
Bank,Customer Service,42,8,9,28,Thursday,18,28
Bank,Loan Department,39,7,13,59,Wednesday,20,49
Bank,Customer Service,114,2,8,14,Monday,19,67
Bank,General,21,1,2,35,Wednesday,17,36
Government Office,Cardiology,46,13,1,46,Friday,11,19
Hospital,General,90,9,3,22,Wednesday,12,52
Government Office,Loan Department,78,2,5,12,Saturday,8,45
Government Office,Loan Department,55,11,24,16,Monday,20,67
Government Office,Loan Department,57,4,9,25,Wednesday,18,37
Hospital,Loan Department,116,8,3,33,Monday,11,54
Government Office,Cardiology,118,5,21,25,Friday,13,93
Government Office,General,54,14,6,24,Saturday,19,16
Hospital,Customer Service,30,6,5,58,Wednesday,8,35
Government Office,Cardiology,48,6,11,14,Saturday,20,43
Bank,Emergency,55,10,23,12,Wednesday,15,67
Hospital,Cardiology,74,5,24,43,Monday,12,83
Government Office,Cardiology,96,9,19,36,Saturday,15,84
Hospital,Cardiology,52,10,9,50,Tuesday,19,35
Bank,Customer Service,30,9,10,27,Tuesday,17,29
Hospital,General,61,4,7,27,Friday,9,47
Bank,Customer Service,51,1,4,38,Monday,9,40
Bank,Loan Department,39,3,17,58,Monday,11,56
Government Office,Emergency,34,12,20,14,Tuesday,15,54
Government Office,General,56,1,10,6,Tuesday,14,66
Bank,Customer Service,46,3,17,41,Thursday,11,64
Hospital,General,62,7,21,20,Tuesday,10,61
Bank,Cardiology,12,2,24,52,Friday,12,77
Government Office,General,30,14,21,17,Monday,12,39
Government Office,Customer Service,62,10,11,6,Tuesday,15,41
Hospital,Emergency,112,12,17,17,Tuesday,18,65
Bank,Cardiology,11,10,23,16,Friday,12,51
Bank,Customer Service,44,14,8,36,Thursday,14,34
Hospital,Cardiology,78,4,12,45,Tuesday,18,58
Hospital,Emergency,114,2,14,46,Thursday,12,114
Bank,Customer Service,36,3,14,52,Monday,19,52
Hospital,Cardiology,89,6,0,8,Wednesday,11,34
Government Office,Emergency,27,13,20,52,Wednesday,12,49
Bank,Cardiology,113,1,6,44,Wednesday,20,77
Government Office,Emergency,29,12,11,30,Friday,17,22
Hospital,General,116,1,8,16,Wednesday,12,94
Government Office,Loan Department,60,3,4,38,Monday,19,35
Bank,Emergency,81,7,9,49,Thursday,9,50
Bank,Customer Service,42,4,20,37,Tuesday,17,67
Bank,General,60,9,7,41,Thursday,14,54
Government Office,General,97,3,21,55,Thursday,12,114
Hospital,Cardiology,16,6,3,35,Tuesday,17,20
Bank,Cardiology,91,12,1,40,Thursday,16,52
Bank,Cardiology,71,9,20,22,Thursday,12,74
Bank,Cardiology,102,9,13,8,Tuesday,16,77
Government Office,Customer Service,45,13,17,19,Friday,20,34
Bank,Emergency,73,2,9,5,Thursday,11,46
Bank,Loan Department,100,10,16,52,Saturday,14,96
Government Office,General,53,14,5,27,Saturday,17,18
Government Office,General,8,1,8,8,Thursday,13,33
Bank,Emergency,108,7,14,35,Saturday,15,87
Government Office,Customer Service,52,3,10,38,Wednesday,15,63
Bank,Loan Department,84,9,14,17,Tuesday,17,57
Hospital,General,72,14,11,34,Friday,18,32
Hospital,Emergency,89,8,3,35,Tuesday,14,57
Hospital,Customer Service,35,10,22,58,Thursday,19,52
Government Office,Emergency,20,5,20,19,Friday,19,42
Hospital,Emergency,118,5,12,23,Friday,8,68
Bank,Customer Service,104,4,19,23,Thursday,11,78
Bank,Cardiology,48,7,24,48,Friday,20,67
Bank,Loan Department,73,7,9,36,Tuesday,9,44
Bank,Loan Department,45,13,6,9,Wednesday,17,5
Government Office,General,64,3,20,12,Thursday,18,61
Bank,Customer Service,96,1,6,18,Saturday,8,58
Government Office,Loan Department,44,6,10,23,Friday,20,28
Bank,Cardiology,54,1,12,18,Monday,11,56
Hospital,General,53,4,11,14,Wednesday,18,50
Hospital,Cardiology,61,1,6,31,Monday,13,65
Bank,Emergency,114,7,19,24,Monday,15,96
Government Office,Emergency,58,9,4,25,Tuesday,13,31
Hospital,General,23,1,0,49,Friday,20,29
Government Office,General,46,5,2,45,Saturday,10,39
Bank,Cardiology,106,13,22,24,Monday,20,68
Hospital,Loan Department,48,13,1,25,Monday,11,15
Bank,Cardiology,119,5,12,53,Wednesday,13,98
Bank,Emergency,77,1,1,23,Thursday,14,56
Government Office,Cardiology,67,14,3,23,Saturday,9,16
Government Office,Customer Service,73,7,17,57,Tuesday,8,69
Government Office,General,18,5,17,46,Saturday,15,59
Hospital,Emergency,87,12,17,21,Thursday,16,70
Bank,Emergency,85,1,14,36,Monday,14,91
Bank,Loan Department,13,12,23,39,Saturday,19,28
Hospital,General,24,1,20,53,Tuesday,19,68
Government Office,Cardiology,5,10,14,36,Wednesday,20,21
Bank,Cardiology,116,14,17,43,Friday,9,81
Bank,Loan Department,97,2,11,12,Saturday,8,72
Hospital,Customer Service,40,2,5,13,Friday,14,46
Hospital,Cardiology,77,14,7,55,Tuesday,18,42
Bank,Customer Service,68,9,11,6,Thursday,11,33
Bank,Emergency,82,6,22,52,Thursday,18,82
Bank,Emergency,11,9,11,46,Tuesday,8,20
Government Office,Customer Service,112,2,9,42,Monday,12,93
Bank,Customer Service,78,14,11,21,Tuesday,9,42
Hospital,General,75,14,8,35,Saturday,11,31
Bank,Customer Service,38,6,17,42,Wednesday,14,71
Hospital,Cardiology,62,3,1,48,Wednesday,20,45
Bank,Loan Department,118,3,2,26,Monday,12,78
Hospital,General,78,3,2,16,Wednesday,13,46
Bank,Emergency,70,4,9,43,Saturday,20,54
Hospital,Loan Department,21,4,5,23,Wednesday,15,42
Bank,Loan Department,81,3,20,28,Thursday,18,73
Hospital,Cardiology,8,8,2,7,Thursday,13,5
Hospital,Loan Department,39,8,11,29,Tuesday,13,44
Government Office,Emergency,81,4,13,18,Wednesday,15,70
Bank,Loan Department,109,2,24,17,Monday,8,91
Hospital,Emergency,70,4,10,30,Wednesday,11,47
Hospital,General,103,12,11,28,Wednesday,10,51
Bank,Customer Service,88,7,6,17,Monday,12,61
Bank,Emergency,17,8,9,37,Wednesday,19,15
Hospital,Customer Service,44,6,15,49,Tuesday,16,76
Government Office,General,60,10,9,56,Friday,12,59
Government Office,Cardiology,71,8,10,49,Thursday,9,41
Bank,General,67,4,24,38,Monday,16,93
Bank,Customer Service,84,9,11,11,Monday,9,41
Hospital,General,27,11,13,10,Saturday,13,23
Bank,General,6,6,19,29,Wednesday,13,47
Bank,Cardiology,41,1,19,37,Saturday,15,78
Bank,Emergency,118,5,6,22,Monday,13,73
Bank,General,99,10,14,46,Friday,10,67
Bank,General,52,12,17,27,Monday,18,28
Hospital,Loan Department,73,7,20,43,Wednesday,18,80
Hospital,General,24,8,12,31,Monday,20,26
Hospital,Emergency,63,6,4,27,Friday,12,41
Government Office,Loan Department,102,5,14,36,Monday,19,71
Government Office,Customer Service,68,13,21,55,Tuesday,16,78
Hospital,Cardiology,8,14,2,33,Friday,14,11
Hospital,Loan Department,43,6,13,6,Saturday,12,53
Bank,Customer Service,40,11,14,22,Tuesday,18,29
Government Office,General,35,12,6,5,Friday,10,10
Hospital,Customer Service,47,6,19,7,Wednesday,16,60
Government Office,General,68,10,4,13,Friday,19,22
Hospital,Loan Department,38,12,5,35,Tuesday,9,7
Government Office,Loan Department,89,1,14,10,Saturday,13,87
Hospital,Cardiology,7,10,4,50,Wednesday,8,11
Bank,Cardiology,106,12,7,9,Saturday,17,43
Hospital,General,20,1,15,41,Thursday,18,50
Bank,General,84,7,10,25,Monday,20,47
Bank,General,58,11,5,30,Friday,9,21
Hospital,Emergency,15,8,7,37,Monday,16,24
Hospital,Customer Service,75,6,20,12,Saturday,12,76
Government Office,Customer Service,97,9,14,34,Thursday,16,84
Bank,Cardiology,14,13,21,20,Thursday,17,24
Bank,Cardiology,90,7,22,45,Monday,12,98
Government Office,Customer Service,97,6,15,42,Thursday,15,79
Government Office,General,92,13,18,53,Monday,18,68
Bank,General,96,12,7,27,Thursday,18,45
Government Office,Loan Department,40,9,13,6,Wednesday,17,27
Hospital,Loan Department,77,5,0,27,Wednesday,16,43
Bank,Cardiology,71,6,5,57,Saturday,13,66
Bank,Customer Service,62,10,17,27,Saturday,9,51
Hospital,Cardiology,107,8,15,24,Wednesday,11,73
Government Office,Loan Department,69,1,0,57,Thursday,8,49
Bank,Loan Department,50,7,10,28,Friday,10,34
Government Office,Customer Service,68,12,12,30,Thursday,13,52
Bank,Customer Service,39,8,3,20,Saturday,17,14
Bank,Loan Department,20,11,16,55,Saturday,15,47
Hospital,Cardiology,102,11,0,19,Wednesday,16,43
Government Office,General,119,4,10,9,Tuesday,17,68
Government Office,Emergency,102,7,8,46,Tuesday,9,62
Government Office,Cardiology,91,7,6,7,Wednesday,9,43
Hospital,Loan Department,105,2,8,11,Monday,8,60
Government Office,Customer Service,24,2,20,40,Wednesday,11,57
Government Office,Loan Department,60,3,15,34,Friday,19,53
Hospital,Customer Service,40,9,22,29,Tuesday,13,77
Government Office,Emergency,55,6,23,47,Saturday,12,99
Bank,Emergency,105,5,3,40,Saturday,20,56
Bank,General,54,9,17,26,Thursday,9,45
Government Office,Customer Service,25,4,11,43,Friday,9,37
Government Office,Cardiology,35,3,8,35,Saturday,19,30
Bank,Loan Department,105,2,19,52,Tuesday,8,99
Government Office,Cardiology,45,3,4,22,Thursday,10,26
Hospital,Customer Service,16,13,6,18,Wednesday,11,5
Government Office,Customer Service,110,10,10,21,Thursday,8,52
Hospital,Cardiology,49,10,8,53,Monday,12,49
Bank,Cardiology,66,9,17,18,Friday,16,63
Government Office,General,19,6,23,46,Tuesday,16,69
Bank,Loan Department,118,9,16,48,Monday,9,79
Government Office,Cardiology,84,11,13,7,Monday,14,65
Government Office,Cardiology,49,10,17,24,Wednesday,13,48
Government Office,Loan Department,116,9,24,42,Friday,17,91
Hospital,Loan Department,96,4,4,12,Thursday,8,43
Bank,Cardiology,102,12,4,58,Monday,19,50
Bank,General,34,2,11,33,Wednesday,10,42
Bank,General,94,9,8,30,Friday,10,42
Hospital,Cardiology,29,3,12,43,Tuesday,11,35
Bank,General,39,7,22,13,Monday,19,54
Bank,Cardiology,100,2,12,50,Saturday,9,84
Government Office,Emergency,62,10,11,14,Tuesday,12,44
Government Office,General,38,5,6,10,Thursday,16,39
Hospital,Customer Service,59,3,12,7,Wednesday,13,66
Bank,Loan Department,74,11,16,46,Monday,12,71
Government Office,Cardiology,117,4,1,15,Tuesday,19,46
Bank,Customer Service,104,8,19,50,Tuesday,12,107
Government Office,Customer Service,26,5,17,47,Wednesday,19,44
Hospital,Emergency,102,9,14,13,Wednesday,15,78
Government Office,Loan Department,24,8,24,23,Saturday,10,53
Government Office,Cardiology,87,7,7,36,Thursday,15,63
Bank,Emergency,31,14,18,54,Saturday,17,37
Bank,Loan Department,37,3,4,23,Saturday,16,40
Bank,General,115,7,6,30,Saturday,8,57
Government Office,Emergency,96,5,4,53,Friday,17,54
Bank,Customer Service,9,6,14,17,Saturday,17,23
Government Office,General,111,2,17,57,Wednesday,8,94
Bank,Cardiology,20,13,6,37,Thursday,17,5
Government Office,Loan Department,6,1,5,50,Friday,13,28
Hospital,Loan Department,42,10,23,22,Monday,9,47
Hospital,Customer Service,21,7,5,18,Monday,17,24
Government Office,Loan Department,10,10,6,16,Monday,13,19
Hospital,General,52,7,7,54,Saturday,14,67
Government Office,General,17,5,8,14,Wednesday,16,28
Government Office,Emergency,6,9,12,38,Monday,11,23
Government Office,General,62,2,2,42,Wednesday,10,41
Bank,Loan Department,74,7,15,53,Friday,18,64
Bank,General,71,2,6,13,Thursday,10,46
Bank,General,98,4,4,5,Friday,18,40
Government Office,General,96,13,17,16,Tuesday,18,52
Bank,Emergency,84,8,2,26,Thursday,20,32
Hospital,Emergency,15,7,13,33,Saturday,11,24
Bank,Loan Department,99,10,8,47,Thursday,19,51
Hospital,Emergency,53,3,1,28,Saturday,17,28
Government Office,Emergency,82,9,15,5,Monday,10,49
Bank,Emergency,71,6,17,13,Tuesday,12,65
Bank,Customer Service,25,11,9,10,Thursday,8,11
Hospital,Emergency,48,4,12,21,Monday,14,55
Government Office,Emergency,91,14,4,13,Wednesday,13,43
Bank,General,15,5,2,31,Friday,12,27
Bank,Emergency,43,14,13,41,Saturday,8,23
Bank,Cardiology,96,12,10,27,Friday,10,51
Hospital,Emergency,103,2,6,41,Thursday,18,62
Bank,Emergency,62,5,19,49,Tuesday,12,86
Government Office,General,42,4,17,29,Thursday,20,54
Bank,Customer Service,36,10,5,45,Wednesday,9,23
Government Office,Emergency,9,13,18,16,Monday,10,11
Government Office,Cardiology,61,3,2,16,Saturday,16,48
Bank,Customer Service,81,9,14,58,Thursday,14,86
Government Office,Emergency,57,4,4,28,Tuesday,10,38
Bank,Cardiology,54,4,15,54,Wednesday,15,79
Hospital,Customer Service,80,13,12,46,Monday,11,47
Bank,Customer Service,13,8,17,27,Monday,19,28
Bank,Customer Service,81,12,17,19,Wednesday,9,53
Bank,Customer Service,84,9,9,28,Monday,13,54
Government Office,Emergency,53,2,6,8,Wednesday,9,28
Hospital,Cardiology,94,2,22,57,Saturday,10,99
Government Office,Customer Service,37,9,20,21,Monday,8,31
Government Office,Customer Service,18,13,19,34,Tuesday,17,26
Bank,General,57,7,23,17,Tuesday,10,56
Hospital,Cardiology,107,8,17,13,Thursday,8,73
Government Office,Cardiology,36,13,21,21,Thursday,8,39
Hospital,General,72,10,9,28,Thursday,16,65
Government Office,Loan Department,15,11,15,30,Thursday,12,36
Government Office,Customer Service,84,7,15,39,Wednesday,8,58
Government Office,General,20,8,11,39,Saturday,17,29
Bank,General,116,1,8,10,Thursday,11,68
Bank,Customer Service,31,4,24,6,Wednesday,15,67
Bank,Customer Service,7,4,5,43,Wednesday,13,31
Hospital,Customer Service,59,1,4,10,Friday,8,36
Bank,General,30,9,13,58,Wednesday,20,43
Government Office,Cardiology,50,10,23,35,Saturday,14,66
Bank,Emergency,40,10,15,28,Thursday,15,45
Hospital,Emergency,67,6,24,36,Saturday,20,74
Government Office,Cardiology,68,8,19,58,Tuesday,10,73
Government Office,Emergency,90,3,20,32,Monday,17,85
Government Office,Customer Service,98,7,18,16,Monday,11,71
Bank,Cardiology,105,5,14,33,Saturday,18,70
Hospital,General,88,4,3,26,Monday,9,46
Government Office,Loan Department,42,7,18,15,Wednesday,9,44
Bank,Customer Service,33,11,4,22,Friday,15,23
Hospital,Loan Department,54,14,21,14,Saturday,14,57
Government Office,Customer Service,80,3,20,43,Friday,19,82
Government Office,Cardiology,32,11,6,29,Friday,15,33
Hospital,Customer Service,52,6,20,56,Friday,10,72
Government Office,Emergency,100,2,22,17,Tuesday,19,79
Hospital,Emergency,105,5,17,37,Friday,10,80
Hospital,Loan Department,119,1,16,47,Thursday,15,103
Hospital,Cardiology,33,1,6,34,Friday,14,54
Bank,Customer Service,18,12,16,36,Friday,19,22
Bank,Loan Department,31,2,23,41,Friday,13,86
Government Office,Customer Service,28,6,1,44,Monday,15,34
Bank,Loan Department,28,1,17,48,Saturday,13,75
Hospital,Customer Service,61,11,7,11,Friday,19,26
Hospital,Customer Service,110,3,19,33,Wednesday,13,103
Hospital,Loan Department,32,11,17,18,Tuesday,17,26
Bank,General,113,5,7,8,Saturday,17,56
Government Office,Emergency,104,5,0,53,Wednesday,18,56
Hospital,Loan Department,61,5,1,11,Wednesday,17,14
Bank,Cardiology,96,7,6,32,Saturday,15,66
Hospital,Loan Department,32,5,2,48,Saturday,13,29
Bank,Loan Department,24,3,15,15,Monday,17,28
Hospital,Emergency,65,7,13,38,Monday,14,60
Hospital,Emergency,23,10,8,52,Saturday,17,17
Bank,Emergency,110,9,19,18,Wednesday,20,70
Hospital,Loan Department,29,3,6,59,Thursday,19,34
Government Office,Customer Service,67,4,18,23,Monday,17,57
Hospital,Cardiology,89,11,14,18,Friday,19,48
Hospital,Emergency,7,5,8,22,Monday,13,29
Government Office,Cardiology,52,2,11,58,Monday,18,58
Bank,Emergency,97,11,1,13,Tuesday,19,32
Bank,Emergency,97,1,9,38,Tuesday,9,78
Hospital,Loan Department,112,8,12,23,Wednesday,13,87
Government Office,Customer Service,5,11,19,37,Friday,18,22
Bank,Emergency,12,9,9,38,Wednesday,8,16
Government Office,Cardiology,91,3,17,11,Friday,16,79
Government Office,Loan Department,50,8,1,50,Saturday,14,46
Hospital,Customer Service,15,8,6,47,Thursday,13,28
Bank,General,58,5,7,38,Tuesday,15,59
Hospital,Cardiology,21,1,14,50,Saturday,19,44
Hospital,Emergency,37,12,16,33,Thursday,16,52
Hospital,Cardiology,25,10,20,9,Monday,20,31
Government Office,General,17,1,19,51,Monday,16,71
Hospital,Loan Department,14,9,16,45,Thursday,15,43
Bank,Emergency,53,1,24,15,Tuesday,16,73
Hospital,General,40,7,20,30,Tuesday,13,73
Government Office,General,34,12,23,39,Thursday,20,44
Bank,Cardiology,56,6,10,27,Wednesday,20,37
Bank,Customer Service,97,11,23,37,Monday,13,90
Hospital,Cardiology,97,11,6,16,Monday,17,37
Government Office,Loan Department,108,9,8,38,Wednesday,17,66
Hospital,General,81,7,22,40,Thursday,20,87
Government Office,Cardiology,32,12,14,35,Saturday,9,31
Government Office,General,83,1,19,46,Friday,15,94
Government Office,Customer Service,100,14,24,17,Monday,15,87
Government Office,Loan Department,89,13,4,52,Wednesday,14,57
Bank,Loan Department,103,7,6,42,Saturday,10,53
Hospital,General,66,13,6,41,Thursday,10,28
Government Office,Loan Department,85,4,0,50,Tuesday,15,69
Bank,Emergency,46,12,15,50,Friday,8,31
Bank,Loan Department,110,13,16,33,Wednesday,14,79
Bank,Loan Department,24,1,15,23,Wednesday,9,42
Government Office,Customer Service,57,13,8,40,Friday,13,43
Bank,Customer Service,35,12,11,59,Wednesday,17,26
Government Office,Cardiology,52,12,24,43,Thursday,17,55
Bank,Loan Department,83,6,11,47,Wednesday,9,60
Bank,Loan Department,58,9,4,22,Friday,15,34
Hospital,General,93,14,19,26,Wednesday,15,68
Bank,General,80,5,5,24,Tuesday,16,63
Government Office,Loan Department,27,9,15,58,Tuesday,12,61
Government Office,Emergency,108,1,21,48,Friday,18,113
Government Office,Loan Department,118,7,16,58,Wednesday,9,91
Government Office,Cardiology,93,13,2,42,Wednesday,14,48
Government Office,Loan Department,38,1,11,48,Saturday,11,61
Government Office,Customer Service,112,11,16,40,Tuesday,20,71
Bank,General,36,10,10,42,Saturday,14,45
Bank,Customer Service,104,5,16,44,Saturday,9,88
Bank,Emergency,58,12,20,44,Monday,15,66
Bank,Loan Department,68,3,14,10,Friday,10,66
Bank,Cardiology,116,2,19,52,Friday,15,114
Government Office,General,16,13,9,11,Thursday,8,5
Government Office,Loan Department,5,1,3,25,Monday,14,28
Bank,General,11,10,16,33,Friday,16,36
Government Office,Customer Service,101,7,23,15,Tuesday,14,94
Bank,Customer Service,104,12,24,17,Tuesday,11,71
Government Office,Cardiology,87,10,4,43,Wednesday,14,58
Hospital,Cardiology,75,11,12,35,Tuesday,9,44
Government Office,General,107,9,10,38,Monday,9,58
Bank,Customer Service,20,7,12,41,Friday,9,28
Hospital,General,25,12,18,11,Wednesday,8,29
Government Office,Emergency,45,14,10,28,Tuesday,9,18
Government Office,General,65,10,6,43,Monday,13,50
Bank,Customer Service,107,2,18,8,Friday,18,85
Government Office,General,74,1,24,41,Friday,17,90
Bank,General,29,1,0,55,Saturday,16,35
Government Office,Emergency,22,10,10,37,Monday,13,35
Hospital,General,56,3,17,45,Tuesday,8,56
Hospital,Loan Department,21,7,13,33,Thursday,18,34
Hospital,Customer Service,90,13,24,6,Thursday,8,58
Government Office,Customer Service,90,5,3,40,Thursday,14,64
Government Office,General,105,7,24,30,Tuesday,13,102
Government Office,General,43,4,0,18,Thursday,14,35
Hospital,Customer Service,88,13,7,28,Friday,15,46
Bank,Cardiology,93,3,0,6,Monday,10,36
Hospital,General,26,14,16,31,Monday,9,24
Hospital,Emergency,37,5,12,31,Friday,20,34
Hospital,Customer Service,115,3,16,34,Friday,10,84
Hospital,General,52,14,11,32,Tuesday,10,28
Government Office,Cardiology,53,5,24,27,Monday,15,83
Government Office,General,68,11,24,38,Friday,11,69
Bank,General,27,11,24,49,Saturday,18,51
Bank,Emergency,10,1,5,54,Friday,12,41
Hospital,Cardiology,83,10,7,55,Thursday,20,52
Bank,Emergency,52,6,5,58,Wednesday,15,59
Hospital,General,62,12,5,15,Monday,11,22
Hospital,Loan Department,46,2,6,11,Tuesday,19,26
Hospital,Emergency,17,2,8,28,Thursday,8,27
Hospital,Loan Department,35,7,8,14,Friday,16,44
Government Office,Cardiology,47,6,2,15,Thursday,10,16
Government Office,General,96,10,5,51,Friday,20,49
Hospital,Customer Service,86,4,8,28,Wednesday,9,60
Hospital,Loan Department,108,4,1,47,Monday,9,55
Government Office,Loan Department,9,11,0,38,Wednesday,17,5
Hospital,Customer Service,5,3,1,25,Wednesday,15,24
Hospital,Loan Department,72,12,21,24,Thursday,15,71
Hospital,Loan Department,5,14,0,28,Tuesday,9,5
Bank,Loan Department,64,7,12,20,Friday,15,62
Hospital,General,81,8,21,30,Saturday,15,86
Bank,Emergency,47,13,4,21,Wednesday,10,12
Bank,Emergency,58,7,9,32,Friday,17,34
Government Office,Loan Department,63,10,13,16,Thursday,17,41
Hospital,General,98,10,18,5,Friday,17,64
Government Office,Loan Department,85,14,23,43,Thursday,9,64
Hospital,Cardiology,56,11,8,26,Wednesday,14,48
Government Office,Emergency,88,5,18,40,Thursday,16,90
Bank,Cardiology,44,13,3,13,Saturday,19,8
Bank,Cardiology,110,11,6,13,Saturday,19,38
Hospital,Loan Department,87,14,14,11,Thursday,13,67
Government Office,Loan Department,41,7,18,58,Tuesday,10,53
Bank,Emergency,85,10,21,12,Tuesday,12,74
Bank,Cardiology,111,9,9,28,Monday,9,65
Bank,Loan Department,8,5,3,17,Saturday,15,25
Hospital,Emergency,14,1,9,25,Friday,20,30
Bank,Cardiology,64,3,24,9,Friday,16,87
Government Office,General,91,7,23,27,Wednesday,16,84
Bank,Loan Department,29,11,8,10,Monday,19,5
Hospital,Cardiology,64,6,4,35,Monday,10,31
Hospital,General,45,14,13,40,Thursday,9,32
Bank,Emergency,40,5,3,20,Friday,17,19
Hospital,Emergency,80,3,7,42,Wednesday,13,71
Government Office,Emergency,14,10,6,22,Wednesday,9,13
Government Office,General,43,5,0,19,Tuesday,8,22
Bank,Loan Department,91,9,1,50,Tuesday,17,38
Bank,Loan Department,102,7,9,58,Wednesday,8,63
Hospital,Emergency,99,7,15,49,Monday,19,79
Bank,Emergency,21,1,1,17,Tuesday,18,24
Hospital,Emergency,65,11,16,51,Friday,10,60
Hospital,Loan Department,14,8,20,17,Saturday,16,53
Hospital,General,79,4,15,13,Wednesday,8,56
Bank,Loan Department,41,1,3,40,Saturday,9,35
Hospital,Loan Department,38,11,9,34,Tuesday,17,32
Bank,Cardiology,74,2,1,34,Thursday,13,55
Government Office,Emergency,5,5,7,52,Saturday,19,20
Hospital,Loan Department,17,5,11,12,Monday,9,21
Bank,General,115,6,10,57,Wednesday,10,81
Hospital,General,24,4,20,22,Thursday,18,45
Government Office,Emergency,65,13,5,18,Thursday,11,12
Bank,General,94,7,16,23,Wednesday,11,71
Hospital,Emergency,108,11,6,30,Thursday,16,56
Hospital,Emergency,26,9,18,35,Friday,15,54
Government Office,Loan Department,51,13,24,6,Wednesday,14,53
Bank,General,20,9,12,39,Saturday,9,34
Bank,Emergency,102,8,8,52,Friday,13,75
Bank,Cardiology,106,6,7,32,Thursday,9,60
Bank,Cardiology,51,11,13,42,Friday,17,35
Hospital,Customer Service,49,1,15,39,Thursday,19,45
Hospital,General,33,2,19,51,Monday,10,67
Bank,Customer Service,53,6,7,46,Wednesday,9,41
Hospital,Cardiology,67,13,18,12,Thursday,16,63
Hospital,General,12,3,2,48,Saturday,19,22
Bank,General,80,5,10,24,Thursday,12,69
Hospital,Customer Service,57,14,10,56,Friday,10,39
Government Office,Loan Department,106,14,11,52,Saturday,15,72
Hospital,Customer Service,89,4,19,8,Friday,18,79
Hospital,Cardiology,80,9,12,52,Monday,11,61
Bank,General,106,10,12,43,Saturday,17,59
Bank,Customer Service,117,13,12,32,Wednesday,10,58
Bank,Cardiology,70,10,21,17,Monday,12,72
Hospital,Cardiology,116,4,14,36,Thursday,20,83
Government Office,Loan Department,21,8,12,51,Wednesday,8,20
Bank,Customer Service,16,4,15,18,Saturday,10,26
Bank,Loan Department,53,14,10,53,Wednesday,18,20
Hospital,Customer Service,80,2,22,18,Wednesday,18,82
Hospital,General,49,14,14,11,Friday,8,32
Government Office,Cardiology,48,11,24,56,Saturday,16,82
Hospital,Loan Department,92,9,18,6,Friday,13,82
Bank,Loan Department,50,9,1,27,Wednesday,16,31
Bank,Emergency,59,13,24,12,Thursday,12,62
Government Office,Customer Service,86,9,17,7,Wednesday,11,53
Hospital,Cardiology,53,7,14,5,Friday,17,39
Bank,Loan Department,97,3,14,41,Saturday,16,95
Hospital,Customer Service,80,14,19,41,Tuesday,14,75
Hospital,Customer Service,30,2,22,27,Saturday,14,70
Bank,Loan Department,89,9,12,32,Tuesday,18,59
Bank,Emergency,67,3,8,17,Monday,9,40
Government Office,General,59,13,14,47,Saturday,15,61
Hospital,General,40,3,8,14,Thursday,15,54
Bank,Loan Department,24,14,8,49,Thursday,11,20
Hospital,Emergency,98,12,15,41,Tuesday,9,60
Hospital,General,29,12,20,29,Saturday,11,33
Hospital,Loan Department,66,9,2,56,Tuesday,9,35
Government Office,Customer Service,18,1,16,29,Monday,8,51
Government Office,General,103,3,22,13,Monday,16,99
Bank,Loan Department,98,2,15,37,Saturday,13,106
Bank,Customer Service,62,9,15,19,Friday,17,35
Hospital,General,51,12,15,18,Wednesday,17,28
Hospital,General,76,2,1,31,Thursday,10,53
Government Office,Customer Service,103,7,16,12,Wednesday,17,75
Bank,Emergency,110,13,0,8,Friday,12,36
Hospital,General,117,10,16,43,Saturday,8,82
Bank,General,70,12,18,28,Wednesday,20,46
Bank,Customer Service,92,11,21,19,Monday,20,72
Government Office,Loan Department,21,12,9,41,Wednesday,8,15
Government Office,Customer Service,86,6,6,53,Thursday,20,53
Bank,Cardiology,62,9,9,14,Tuesday,14,41
Government Office,Emergency,43,12,4,59,Wednesday,20,25
Bank,Loan Department,56,5,23,16,Wednesday,12,74
Hospital,Emergency,115,9,6,46,Tuesday,11,57
Bank,Customer Service,65,8,11,26,Wednesday,20,44
Hospital,Customer Service,55,10,0,20,Friday,15,27
Hospital,General,111,2,6,54,Saturday,9,72
Government Office,Emergency,76,6,6,27,Friday,17,51
Government Office,General,113,9,6,13,Saturday,16,63
Bank,Emergency,62,3,2,37,Tuesday,20,51
Government Office,Emergency,100,9,2,19,Friday,9,32
Bank,Loan Department,100,6,12,25,Monday,15,85
Bank,General,32,5,21,38,Monday,8,58
Government Office,Cardiology,111,14,14,10,Saturday,10,54
Hospital,Customer Service,42,10,17,32,Friday,9,32
Bank,Emergency,55,9,20,10,Monday,20,42
Government Office,Cardiology,17,11,11,55,Thursday,20,29
Government Office,Customer Service,25,11,18,28,Saturday,10,33
Government Office,Loan Department,86,12,3,46,Tuesday,15,51
Hospital,Loan Department,21,4,11,49,Tuesday,20,42
Government Office,Cardiology,29,3,14,6,Monday,17,38
Government Office,Emergency,93,1,5,30,Wednesday,16,78
Hospital,General,7,7,3,45,Friday,14,29
Government Office,General,55,8,5,54,Saturday,12,56
Hospital,Loan Department,14,6,13,53,Wednesday,14,58
Hospital,Cardiology,87,14,4,59,Tuesday,16,62
Government Office,Cardiology,107,8,1,27,Thursday,11,42
Government Office,General,44,6,5,45,Tuesday,20,38
Government Office,Emergency,21,4,6,31,Friday,16,48
Government Office,General,83,14,12,15,Thursday,16,54
Government Office,Emergency,28,13,8,46,Monday,19,17
Hospital,Loan Department,117,14,23,22,Monday,11,70
Hospital,General,14,9,24,7,Friday,14,49
Government Office,Cardiology,59,14,24,19,Friday,13,64
Hospital,Emergency,31,5,5,34,Monday,15,38
Government Office,Customer Service,43,10,0,8,Monday,18,5
Bank,Customer Service,63,14,16,40,Wednesday,17,42
Bank,Cardiology,115,10,15,25,Friday,15,74
Hospital,Cardiology,5,6,5,17,Saturday,13,18
Bank,General,60,6,4,51,Friday,13,55
Bank,General,73,10,3,36,Thursday,17,28
Bank,Cardiology,68,7,9,52,Saturday,9,52
Hospital,Customer Service,64,13,0,5,Monday,12,17
Hospital,Customer Service,42,9,12,32,Tuesday,8,27
Hospital,Emergency,53,8,16,51,Thursday,16,72
Government Office,Loan Department,69,12,4,28,Tuesday,15,33
Government Office,Cardiology,7,1,18,47,Tuesday,17,50
Bank,Cardiology,54,2,8,21,Wednesday,20,34
Bank,Loan Department,53,12,19,54,Thursday,8,50
Bank,Customer Service,47,9,17,8,Tuesday,10,31
Government Office,Emergency,19,1,15,15,Friday,17,37
Hospital,Emergency,24,6,23,58,Thursday,14,71
Government Office,Cardiology,92,9,21,16,Monday,15,83
Bank,General,93,12,14,34,Saturday,8,58
Government Office,Cardiology,62,11,11,50,Tuesday,20,47
Government Office,Customer Service,113,3,20,50,Tuesday,16,120
Government Office,General,21,13,10,34,Tuesday,14,29
Hospital,Loan Department,109,6,21,57,Friday,10,96
Hospital,Cardiology,50,1,2,8,Saturday,12,43
Bank,Customer Service,30,9,3,23,Saturday,12,25
Hospital,Cardiology,32,1,11,40,Tuesday,15,60
Government Office,General,41,2,16,44,Monday,18,58
Hospital,Emergency,79,13,15,20,Thursday,20,32
Government Office,General,6,10,11,12,Wednesday,18,8
Government Office,Customer Service,85,7,23,7,Saturday,16,79
Government Office,Customer Service,17,3,6,13,Friday,11,17
Hospital,Emergency,86,13,22,6,Tuesday,13,79
Hospital,General,118,11,0,18,Saturday,9,47
Government Office,Customer Service,52,14,13,51,Tuesday,20,32
Hospital,Loan Department,57,11,15,23,Thursday,19,33
Hospital,Emergency,99,12,22,58,Thursday,8,86
Bank,Customer Service,73,11,3,40,Friday,13,35
Hospital,Emergency,21,7,3,59,Tuesday,16,36
Government Office,General,80,1,20,23,Saturday,20,93
Hospital,Loan Department,71,13,16,48,Tuesday,11,47
Bank,Emergency,68,8,14,9,Tuesday,17,46
Bank,Cardiology,55,5,3,19,Wednesday,11,21
Bank,Emergency,112,3,9,51,Saturday,8,80
Government Office,General,39,5,11,5,Thursday,8,32
Bank,Customer Service,71,5,18,33,Saturday,10,66
Government Office,Cardiology,18,2,0,26,Tuesday,8,14
Hospital,Customer Service,91,5,8,27,Wednesday,10,57
Government Office,Loan Department,30,9,2,42,Friday,12,27
Bank,Loan Department,15,9,14,59,Tuesday,15,42
Government Office,Loan Department,23,14,16,26,Tuesday,20,29
Hospital,Loan Department,61,11,13,48,Thursday,8,39
Hospital,Loan Department,16,7,18,42,Wednesday,8,33
Hospital,Emergency,37,1,4,10,Wednesday,14,49
Government Office,Loan Department,14,8,9,45,Friday,11,26
Government Office,Emergency,7,11,17,56,Friday,20,30
Bank,Customer Service,113,13,0,38,Monday,14,48
Hospital,Emergency,73,8,2,11,Tuesday,8,23
Hospital,Loan Department,27,14,17,36,Wednesday,20,23
Government Office,Cardiology,57,7,0,9,Tuesday,15,31
Hospital,Loan Department,37,9,4,42,Friday,12,23
Hospital,Customer Service,30,1,3,43,Tuesday,9,37
Government Office,Customer Service,76,4,15,25,Saturday,8,54
Government Office,Customer Service,94,7,17,35,Thursday,20,66
Hospital,Cardiology,77,3,18,30,Saturday,17,68
Government Office,Customer Service,110,3,15,28,Monday,16,91
Bank,General,17,2,6,52,Thursday,16,52
Bank,Emergency,23,9,14,26,Monday,12,48
Government Office,Emergency,43,4,7,46,Monday,12,55
Government Office,General,13,9,24,37,Tuesday,12,60
Hospital,Emergency,109,10,5,21,Wednesday,17,42
Bank,Emergency,93,6,3,34,Monday,19,43
Hospital,General,30,8,3,12,Thursday,9,8
Government Office,Cardiology,99,5,12,37,Monday,8,61
Bank,General,100,8,13,39,Tuesday,17,67
Hospital,General,100,7,0,35,Thursday,12,63
Bank,Customer Service,76,9,5,26,Wednesday,15,49
Government Office,General,23,4,19,18,Monday,9,38
Bank,Cardiology,95,12,10,20,Wednesday,11,49
Hospital,Emergency,56,1,15,23,Thursday,18,59
Government Office,General,49,8,15,22,Tuesday,16,51
Bank,Emergency,37,1,11,10,Friday,20,39
Government Office,Cardiology,7,10,24,9,Monday,15,45
Hospital,Customer Service,44,3,17,54,Monday,14,83
Government Office,Loan Department,61,7,15,20,Wednesday,9,48
Bank,Cardiology,45,7,13,47,Friday,13,64
Bank,Emergency,26,11,15,56,Saturday,13,50
Government Office,Customer Service,20,12,16,41,Saturday,20,28
Bank,General,60,5,11,45,Thursday,15,70
Government Office,Cardiology,103,1,24,26,Thursday,10,101
Government Office,General,86,2,6,31,Friday,16,73
Hospital,Emergency,49,1,23,38,Tuesday,11,79
Government Office,Cardiology,20,9,1,59,Thursday,20,14
Hospital,Customer Service,65,6,16,27,Saturday,12,70
Bank,Customer Service,6,8,17,57,Friday,11,32
Government Office,Customer Service,90,11,12,12,Friday,18,48
Hospital,General,81,13,8,11,Friday,11,33
Government Office,General,92,5,4,21,Wednesday,14,67
Hospital,Cardiology,84,5,1,14,Monday,10,28
Hospital,Customer Service,83,13,12,36,Friday,12,66
Hospital,Customer Service,86,8,3,30,Wednesday,18,39
Government Office,Customer Service,35,1,4,17,Monday,17,28
Hospital,Customer Service,75,4,2,19,Thursday,10,35
Government Office,Cardiology,71,13,6,22,Tuesday,15,35
Bank,Customer Service,44,1,9,32,Thursday,13,66
Bank,Customer Service,99,3,2,40,Monday,16,66
Bank,Cardiology,119,13,15,40,Saturday,18,70
Government Office,Customer Service,88,13,0,9,Wednesday,8,20
Bank,Emergency,72,7,19,23,Friday,15,82
Hospital,Cardiology,8,14,18,35,Wednesday,13,29
Government Office,Cardiology,78,5,22,31,Tuesday,13,87
Hospital,Loan Department,94,2,12,17,Monday,13,80
Bank,Cardiology,44,6,15,33,Monday,8,43
Hospital,Customer Service,44,6,15,59,Friday,9,59
Hospital,Loan Department,64,8,21,8,Saturday,18,53
Bank,Customer Service,76,9,1,20,Friday,18,26
Hospital,General,63,3,7,18,Saturday,17,46
Government Office,Cardiology,116,12,4,30,Thursday,15,56
Government Office,Cardiology,112,13,1,46,Saturday,11,32
Government Office,General,40,9,11,13,Monday,8,38
Government Office,Loan Department,93,13,17,10,Wednesday,13,69
Hospital,Loan Department,84,8,12,59,Tuesday,9,64
Bank,Customer Service,59,3,24,17,Tuesday,13,87
Government Office,Customer Service,66,6,21,5,Saturday,14,75
Bank,Cardiology,78,3,4,11,Monday,10,39
Bank,Loan Department,49,13,9,6,Friday,10,7
Bank,Emergency,64,8,6,50,Wednesday,19,46
Government Office,General,87,14,21,17,Wednesday,14,70
Hospital,Loan Department,64,1,3,46,Wednesday,10,46
Bank,General,95,4,8,39,Friday,10,58
Bank,Loan Department,20,8,4,45,Thursday,8,19
Hospital,Loan Department,81,12,4,41,Wednesday,17,40
Bank,Loan Department,107,1,18,22,Wednesday,17,86
Government Office,General,93,8,4,6,Tuesday,8,25
Bank,Loan Department,102,7,6,46,Saturday,8,63
Hospital,Cardiology,103,14,11,39,Monday,13,65
Bank,General,29,4,17,35,Monday,11,41
Bank,Loan Department,42,5,14,5,Wednesday,11,35
Government Office,Emergency,66,3,12,39,Thursday,16,80
Hospital,General,6,8,14,17,Saturday,18,23
Bank,General,11,13,3,45,Tuesday,9,5
Bank,Loan Department,109,7,14,44,Monday,17,70
Bank,Customer Service,116,7,12,44,Wednesday,17,75
Government Office,Customer Service,111,11,22,35,Friday,16,87
Hospital,Loan Department,78,2,17,8,Monday,19,70
Hospital,Customer Service,11,2,7,47,Friday,16,41
Hospital,Loan Department,70,14,17,52,Thursday,8,58
Hospital,Emergency,26,4,24,56,Monday,11,74
Government Office,General,21,8,2,35,Wednesday,17,7
Government Office,Emergency,39,11,17,51,Friday,20,57
Government Office,Cardiology,109,11,22,39,Thursday,8,77
Hospital,Customer Service,49,6,2,32,Wednesday,11,17
Bank,Customer Service,110,1,18,23,Friday,10,79
Government Office,Emergency,91,13,11,5,Monday,14,49
Government Office,Loan Department,60,6,10,7,Saturday,18,42
Hospital,Customer Service,11,1,16,36,Saturday,8,43
Hospital,Customer Service,111,13,19,42,Saturday,20,80
Hospital,Loan Department,75,12,21,24,Tuesday,8,50
Bank,Loan Department,5,2,20,51,Friday,10,46
Bank,General,101,4,13,40,Saturday,15,92
Hospital,Cardiology,83,6,0,59,Friday,15,68
Government Office,Customer Service,81,13,5,19,Monday,10,15
Bank,Customer Service,58,9,8,53,Wednesday,17,39
Bank,Cardiology,117,8,11,49,Monday,8,81
Government Office,Cardiology,23,13,1,40,Friday,14,19
Bank,Cardiology,11,10,14,51,Friday,10,38
Bank,Emergency,75,14,10,11,Saturday,19,29
Bank,General,97,8,19,43,Friday,11,89
Bank,Emergency,59,13,18,30,Friday,12,55
Bank,General,95,14,18,57,Wednesday,12,76
Government Office,Customer Service,77,5,8,46,Wednesday,16,70
Government Office,Loan Department,83,6,4,33,Tuesday,20,42
Bank,Emergency,68,10,12,33,Saturday,11,52
Bank,General,65,6,7,33,Monday,10,43
Government Office,Cardiology,80,11,1,54,Monday,12,46
Government Office,Emergency,70,2,2,20,Friday,16,49
Hospital,Loan Department,88,9,17,46,Friday,9,63
Government Office,General,97,1,23,27,Monday,18,99
Bank,Loan Department,6,8,1,18,Friday,20,5
Bank,Customer Service,117,13,3,39,Saturday,11,33
Government Office,Loan Department,70,6,21,14,Saturday,15,80
Hospital,General,25,10,9,27,Friday,19,19
Hospital,Emergency,109,4,18,50,Saturday,20,93
Government Office,General,105,4,7,11,Tuesday,9,53
Bank,Loan Department,119,10,24,33,Thursday,9,94
Bank,General,67,5,13,7,Saturday,16,64
Bank,Loan Department,31,12,6,21,Saturday,17,6
Government Office,Customer Service,68,10,17,30,Tuesday,8,50
Bank,Loan Department,51,3,0,12,Wednesday,12,45
Bank,Cardiology,87,9,24,36,Thursday,19,78
Bank,Cardiology,5,3,5,12,Tuesday,19,13
Hospital,Emergency,9,9,21,32,Friday,11,25
Hospital,Customer Service,105,8,8,6,Thursday,12,56
Bank,General,11,1,15,21,Monday,18,34
Hospital,Loan Department,38,1,1,27,Wednesday,18,23
Government Office,Emergency,90,10,1,19,Wednesday,16,48
Government Office,Emergency,91,11,16,13,Saturday,16,68
Government Office,Customer Service,40,9,15,40,Saturday,9,43
Government Office,Customer Service,78,4,21,26,Monday,13,90
Hospital,Emergency,84,4,5,30,Wednesday,20,54
Government Office,Cardiology,78,13,0,56,Wednesday,11,29
Government Office,Cardiology,94,10,11,18,Thursday,18,51
Government Office,Emergency,75,10,18,40,Wednesday,19,60
Government Office,Emergency,94,5,17,18,Wednesday,9,71
Hospital,General,85,14,21,8,Tuesday,17,49
Bank,Emergency,70,7,8,23,Saturday,10,41
Government Office,Emergency,27,5,20,15,Tuesday,9,37
Hospital,Cardiology,109,4,24,36,Wednesday,14,110
Hospital,Customer Service,65,4,18,38,Friday,16,79
Bank,Loan Department,80,2,5,9,Saturday,16,66
Bank,General,9,11,3,13,Friday,13,6
Bank,Cardiology,26,11,9,20,Thursday,20,15
Bank,Customer Service,14,6,16,9,Wednesday,10,23
Bank,Cardiology,74,11,23,51,Saturday,17,72
Government Office,Cardiology,8,8,15,36,Monday,20,19
Bank,Emergency,55,4,2,14,Thursday,15,44
Government Office,General,102,9,16,45,Saturday,10,82
Hospital,Emergency,51,14,6,58,Wednesday,8,27
Hospital,Customer Service,97,11,0,8,Monday,10,23
Bank,Emergency,22,10,7,23,Monday,19,15
Hospital,General,5,8,0,55,Friday,13,14
Hospital,Emergency,89,8,24,51,Tuesday,18,81
Bank,General,21,13,9,35,Saturday,14,25
Hospital,General,74,1,17,41,Friday,19,75
Hospital,Loan Department,84,8,23,17,Wednesday,13,82
Hospital,Loan Department,36,8,15,15,Monday,20,39
Hospital,Cardiology,68,1,24,38,Monday,8,83
Government Office,General,14,4,6,20,Monday,14,31
Hospital,Loan Department,52,4,15,23,Thursday,8,49
Hospital,Loan Department,115,12,20,46,Tuesday,17,77
Hospital,Loan Department,94,3,24,46,Friday,8,92
Bank,Loan Department,83,6,5,56,Tuesday,18,53
Bank,General,97,14,20,9,Friday,16,63
Bank,Loan Department,90,2,2,21,Saturday,11,53
Hospital,General,17,14,21,19,Tuesday,9,18
Bank,Cardiology,7,5,4,41,Saturday,12,29
Bank,General,32,12,17,56,Friday,14,53
Government Office,Emergency,37,10,15,44,Thursday,11,38
Bank,Loan Department,60,14,11,52,Wednesday,15,51
Hospital,Emergency,87,10,6,16,Monday,19,42
Bank,General,58,10,13,15,Monday,14,42
Hospital,General,33,10,8,40,Tuesday,14,39
Bank,Loan Department,13,13,0,38,Monday,8,5
Bank,Loan Department,92,9,6,20,Thursday,20,45
Hospital,Loan Department,15,13,11,46,Monday,10,20
Government Office,Cardiology,16,5,9,24,Tuesday,20,20
Hospital,Loan Department,41,13,11,39,Saturday,12,42
Hospital,Customer Service,44,6,1,54,Monday,20,31
Hospital,Customer Service,66,6,14,9,Friday,16,64
Government Office,Loan Department,5,12,21,42,Thursday,19,33
Government Office,Cardiology,86,10,12,22,Monday,18,54
Hospital,Emergency,91,3,22,29,Friday,10,88
Hospital,Emergency,56,7,24,28,Friday,18,66
Bank,General,13,14,4,34,Monday,15,15
Government Office,Cardiology,112,5,3,44,Friday,15,71
Hospital,Customer Service,115,14,5,9,Thursday,14,49
Hospital,Loan Department,65,4,7,28,Tuesday,9,50
Government Office,Emergency,21,2,20,30,Tuesday,18,53
Government Office,Loan Department,84,7,20,37,Friday,18,79
Bank,Loan Department,112,8,6,38,Monday,13,79
Hospital,Customer Service,77,10,16,16,Thursday,18,51
Hospital,Loan Department,23,11,8,57,Monday,13,49
Hospital,Cardiology,68,8,24,20,Wednesday,16,68
Hospital,Cardiology,84,6,4,25,Thursday,11,47
Hospital,Loan Department,96,1,13,11,Wednesday,16,90
Bank,General,55,1,19,35,Saturday,13,92
Bank,Emergency,118,14,1,46,Thursday,10,40
Bank,Loan Department,31,8,2,43,Friday,18,19
Government Office,Customer Service,92,3,22,16,Monday,20,67
Government Office,General,98,12,21,48,Friday,8,69
Government Office,General,55,14,6,49,Monday,19,30
Bank,General,28,3,18,40,Tuesday,13,59
Government Office,General,28,5,20,58,Monday,20,64
Government Office,Customer Service,49,13,13,43,Tuesday,17,36
Government Office,Emergency,57,2,22,48,Thursday,12,94
Hospital,Loan Department,63,1,3,55,Saturday,13,64
Hospital,Cardiology,84,9,2,36,Thursday,18,40
Hospital,Customer Service,88,14,14,10,Wednesday,12,53
Government Office,Customer Service,9,13,15,5,Thursday,10,5
Hospital,Loan Department,58,11,20,12,Friday,20,44
Hospital,Emergency,82,13,2,40,Saturday,19,20
Government Office,Emergency,88,14,20,49,Wednesday,18,60
Hospital,General,48,14,0,50,Wednesday,20,20
Bank,Loan Department,52,14,0,20,Friday,15,20
Bank,General,119,7,12,13,Friday,8,64
Bank,General,60,9,2,28,Friday,15,37
Government Office,Customer Service,49,8,16,58,Friday,14,72
Bank,Cardiology,18,11,20,34,Saturday,14,47
Hospital,Cardiology,10,7,0,48,Thursday,10,5
Bank,Loan Department,20,12,19,49,Saturday,9,38
Hospital,Customer Service,26,1,20,43,Friday,17,63
Government Office,Cardiology,90,13,12,13,Wednesday,20,32
Hospital,Cardiology,48,5,6,12,Wednesday,18,23
Hospital,Cardiology,109,14,11,40,Friday,12,68
Hospital,General,97,14,0,56,Saturday,15,52
Bank,Emergency,72,8,20,37,Thursday,9,63
Government Office,Loan Department,55,6,15,14,Monday,19,40
Bank,Loan Department,97,11,5,33,Thursday,13,56
Bank,Loan Department,85,5,18,54,Wednesday,15,90
Bank,General,60,7,9,43,Saturday,18,39
Hospital,Customer Service,25,2,2,24,Friday,16,30
Bank,Cardiology,81,3,11,59,Monday,12,85
Bank,General,110,8,8,31,Friday,17,53
Hospital,Loan Department,25,5,7,29,Tuesday,11,31
Bank,Customer Service,46,12,13,8,Thursday,16,39
Hospital,Customer Service,88,2,11,37,Tuesday,12,92
Government Office,Customer Service,111,8,6,40,Thursday,15,78
Hospital,Loan Department,84,4,14,50,Saturday,13,85
Bank,Customer Service,112,10,3,31,Monday,17,46
Government Office,Customer Service,97,9,20,56,Saturday,14,98
Government Office,Emergency,56,11,10,11,Thursday,15,44
Hospital,Emergency,46,4,4,9,Wednesday,12,29
Government Office,Cardiology,98,4,1,50,Thursday,16,68
Hospital,General,118,5,5,47,Tuesday,10,74
Government Office,General,88,12,17,23,Wednesday,16,63
Government Office,Cardiology,77,4,16,21,Monday,10,68
Bank,Emergency,109,5,14,51,Saturday,16,97
Hospital,Customer Service,87,12,2,42,Wednesday,10,38
Hospital,Loan Department,49,11,10,41,Monday,18,31
Government Office,General,13,1,21,5,Thursday,8,39
Bank,Cardiology,27,14,9,12,Wednesday,17,14
Hospital,General,93,6,14,45,Wednesday,19,65
Bank,Emergency,51,7,20,57,Friday,16,80
Bank,Customer Service,6,10,18,18,Tuesday,8,21
Hospital,General,22,4,1,36,Monday,10,10
Government Office,Cardiology,93,12,6,12,Tuesday,20,38
Hospital,Emergency,97,1,5,49,Thursday,13,89
Hospital,Loan Department,111,3,18,14,Tuesday,10,86
Bank,Cardiology,28,13,4,8,Thursday,17,5
Government Office,Loan Department,77,9,16,38,Friday,20,61
Bank,Emergency,64,10,11,25,Thursday,8,36
Government Office,Loan Department,48,3,11,48,Monday,18,43
Government Office,Customer Service,8,4,22,30,Saturday,20,52
Bank,Cardiology,113,2,2,23,Wednesday,17,56
Hospital,Customer Service,119,8,13,14,Tuesday,11,65
Bank,Loan Department,42,13,14,27,Saturday,10,31
Hospital,General,30,10,14,8,Tuesday,19,19
Government Office,Customer Service,70,3,6,59,Wednesday,14,68
Hospital,Cardiology,85,12,18,41,Monday,19,59
Hospital,Cardiology,24,13,12,47,Wednesday,14,40
Hospital,Loan Department,54,12,18,8,Thursday,13,45
Bank,Loan Department,90,7,4,43,Tuesday,13,62
Government Office,Cardiology,101,12,1,32,Thursday,15,43
Hospital,Cardiology,90,1,2,11,Thursday,17,42
Hospital,Cardiology,85,12,8,14,Monday,10,46
Hospital,Loan Department,106,9,0,26,Monday,13,56
Hospital,Loan Department,98,11,7,41,Friday,13,65
Hospital,Emergency,112,12,1,52,Saturday,9,51
Government Office,Loan Department,107,1,11,32,Monday,15,91
Government Office,Emergency,116,9,3,21,Saturday,12,68
Government Office,Emergency,101,14,11,48,Saturday,19,59
Government Office,Customer Service,55,9,16,56,Saturday,19,58
Bank,Customer Service,17,11,7,14,Wednesday,18,5
Bank,Emergency,68,4,7,13,Tuesday,15,55
Hospital,General,47,8,12,25,Friday,16,52
Hospital,Cardiology,39,7,13,19,Tuesday,19,34
Hospital,Emergency,56,4,2,9,Friday,16,36
Hospital,Emergency,51,3,1,48,Monday,10,32
Government Office,Customer Service,95,6,9,7,Wednesday,19,46
Hospital,Customer Service,106,8,24,26,Tuesday,11,82
Bank,Emergency,34,12,24,56,Wednesday,12,69
Hospital,Cardiology,111,6,20,5,Thursday,17,80
Hospital,General,63,6,21,16,Tuesday,14,75
Hospital,Emergency,10,5,15,30,Friday,14,45
Hospital,Customer Service,67,10,19,56,Saturday,19,61
Hospital,Customer Service,57,13,18,51,Monday,17,47
Bank,Loan Department,99,5,2,36,Thursday,10,34
Hospital,Emergency,9,1,5,36,Wednesday,17,17
Bank,General,70,4,14,22,Thursday,15,66
Bank,Emergency,62,13,18,48,Saturday,8,50
Bank,General,114,8,23,24,Thursday,9,77
Bank,Emergency,18,5,8,44,Wednesday,13,45
Bank,General,84,7,13,18,Tuesday,14,64
Hospital,Cardiology,37,1,11,24,Friday,19,34
Government Office,General,43,13,23,26,Monday,10,49
Hospital,Customer Service,116,8,7,27,Tuesday,13,71
Hospital,Loan Department,36,13,5,28,Monday,18,13
Government Office,Emergency,57,3,11,31,Saturday,8,44
Bank,Emergency,108,14,20,53,Saturday,20,81
Government Office,Emergency,17,2,3,34,Monday,16,35
Bank,General,22,14,24,36,Monday,17,37
Bank,General,14,5,16,26,Thursday,12,43
Hospital,Loan Department,48,14,13,12,Thursday,15,36
Government Office,General,41,3,13,45,Thursday,14,59
Government Office,Loan Department,108,14,21,50,Thursday,17,75
Bank,Emergency,18,5,7,7,Thursday,18,22
Government Office,Emergency,39,13,11,51,Thursday,9,27
Government Office,Loan Department,9,7,10,15,Friday,9,12
Bank,Loan Department,82,1,12,46,Saturday,20,69
Bank,Cardiology,37,1,14,20,Saturday,16,61
Hospital,Emergency,60,4,1,31,Tuesday,11,28
Hospital,Cardiology,36,12,6,56,Tuesday,15,36
Hospital,General,91,5,22,16,Tuesday,8,72
Government Office,General,6,13,3,24,Monday,16,8
Hospital,Loan Department,12,12,8,42,Saturday,20,5
Hospital,Emergency,54,2,22,44,Saturday,17,83
Bank,Cardiology,116,9,4,29,Saturday,19,55
Bank,Customer Service,42,11,16,27,Tuesday,16,56
Bank,Emergency,111,12,12,40,Wednesday,19,63
Hospital,Loan Department,102,6,5,54,Monday,14,73
Hospital,Emergency,12,8,0,38,Friday,20,5
Government Office,Customer Service,83,4,24,39,Tuesday,19,91
Hospital,Emergency,59,3,21,9,Monday,20,59
Hospital,Customer Service,32,10,19,37,Friday,20,46
Government Office,Emergency,102,7,5,41,Monday,15,67
Hospital,General,72,2,9,26,Monday,20,55
Bank,General,19,11,8,47,Wednesday,14,38
Bank,General,57,9,24,53,Friday,17,77
Hospital,Emergency,26,11,22,53,Friday,13,66
Government Office,Cardiology,97,1,21,34,Wednesday,11,88
Hospital,General,104,12,21,17,Wednesday,19,64
Bank,Customer Service,12,12,12,47,Tuesday,14,38
Bank,Loan Department,15,12,13,55,Tuesday,17,29
Hospital,Cardiology,100,2,20,21,Friday,19,95
Government Office,Cardiology,8,7,15,16,Monday,20,19
Bank,Customer Service,89,13,16,44,Saturday,12,74
Hospital,General,117,9,14,38,Monday,20,77
Government Office,General,21,1,24,24,Friday,13,84
Bank,Emergency,17,14,5,10,Tuesday,8,5
Hospital,Emergency,98,14,2,27,Monday,8,34
Bank,General,91,4,19,23,Monday,19,78
Hospital,Customer Service,95,9,1,8,Saturday,17,27
Hospital,Emergency,75,2,19,30,Tuesday,20,80
Hospital,Customer Service,23,9,19,46,Friday,17,40
Bank,Emergency,26,13,11,14,Saturday,8,12
Government Office,Cardiology,100,14,7,25,Friday,8,36
Government Office,Cardiology,89,14,3,30,Saturday,17,28
Government Office,General,12,10,15,59,Monday,9,36
Government Office,General,66,14,22,39,Monday,14,69
Government Office,Emergency,19,5,23,32,Monday,14,62
Hospital,Emergency,70,6,12,48,Thursday,13,76
Bank,Cardiology,13,2,16,31,Friday,18,37
Bank,Emergency,68,8,6,38,Wednesday,10,39
Government Office,Cardiology,27,1,24,17,Thursday,19,57
Government Office,Emergency,103,1,14,49,Tuesday,9,76
Hospital,Emergency,81,6,4,36,Friday,12,59
Bank,Emergency,22,5,21,14,Thursday,19,40
Bank,Loan Department,108,5,24,56,Friday,15,114
Hospital,Cardiology,26,4,1,10,Tuesday,14,23
Hospital,General,99,3,6,46,Friday,19,63
Hospital,General,21,13,0,10,Friday,15,5
Bank,Loan Department,113,12,22,54,Saturday,12,113
Hospital,Cardiology,116,1,15,28,Thursday,10,96
Government Office,Cardiology,23,11,7,59,Thursday,19,32
Hospital,Loan Department,36,1,5,17,Thursday,20,27
Hospital,Cardiology,14,11,23,59,Thursday,18,47
Bank,Cardiology,14,14,0,47,Monday,11,5
Hospital,General,59,2,15,33,Wednesday,17,64
Hospital,Emergency,110,5,9,54,Monday,17,74
Bank,Cardiology,28,6,2,44,Tuesday,12,29
Government Office,Loan Department,6,2,6,53,Saturday,20,19
Hospital,Emergency,112,2,9,24,Thursday,17,65
Bank,Customer Service,46,5,24,53,Tuesday,18,72
Bank,Cardiology,41,2,8,10,Monday,19,39
Hospital,General,21,12,2,33,Thursday,15,19
Hospital,Emergency,85,11,10,12,Thursday,17,34
Government Office,Loan Department,114,5,23,32,Friday,14,104
Government Office,General,21,5,19,7,Wednesday,18,47
Government Office,Customer Service,17,3,0,13,Thursday,15,27
Hospital,Customer Service,30,1,23,38,Wednesday,16,82
Bank,Loan Department,73,9,12,5,Tuesday,20,38
Government Office,Loan Department,51,4,3,56,Wednesday,16,55
Bank,Loan Department,31,8,11,56,Wednesday,13,58
Hospital,General,50,1,9,35,Thursday,10,49
Bank,Loan Department,114,2,2,26,Tuesday,8,65
Government Office,Customer Service,103,12,21,9,Tuesday,10,70
Government Office,General,55,11,15,42,Tuesday,10,46
Bank,Cardiology,39,3,5,44,Thursday,15,54
Bank,Emergency,103,4,0,17,Tuesday,17,50
Government Office,Loan Department,40,6,10,23,Tuesday,15,65
Bank,Cardiology,95,9,24,46,Friday,19,85
Government Office,Emergency,7,4,22,52,Thursday,10,55
Government Office,Emergency,31,5,11,52,Friday,19,37
Bank,General,17,6,2,51,Wednesday,9,17
Bank,Loan Department,35,12,13,41,Friday,9,39
Hospital,Emergency,18,9,7,27,Thursday,12,23
Bank,Emergency,94,4,5,23,Thursday,10,46
Government Office,Loan Department,93,8,5,56,Tuesday,18,57
Government Office,Cardiology,14,8,15,21,Thursday,10,9
Bank,Customer Service,15,5,4,18,Thursday,10,14
Hospital,Emergency,20,7,13,41,Saturday,14,42
Bank,Cardiology,109,4,3,52,Wednesday,15,78
Government Office,Customer Service,84,13,3,42,Wednesday,13,47
Hospital,General,116,14,24,52,Wednesday,12,103
Government Office,Loan Department,48,8,9,40,Monday,11,39
Bank,Customer Service,113,13,13,22,Monday,9,48
Hospital,Loan Department,61,5,5,42,Monday,13,67
Hospital,Emergency,52,12,3,37,Wednesday,10,18
Hospital,Cardiology,95,8,23,41,Wednesday,18,74
Government Office,Loan Department,70,12,21,21,Monday,17,45
Hospital,General,42,11,0,29,Thursday,12,19
Government Office,Cardiology,56,8,20,47,Wednesday,17,59
Bank,Loan Department,49,11,19,22,Wednesday,18,48
Hospital,General,90,2,4,22,Tuesday,18,47
Bank,Customer Service,119,7,17,18,Wednesday,13,91
Hospital,Emergency,108,1,10,31,Tuesday,13,87
Hospital,General,97,12,20,10,Saturday,12,82
Government Office,Cardiology,74,14,10,8,Tuesday,9,30
Bank,Loan Department,7,10,15,47,Monday,16,43
Bank,General,104,1,24,57,Tuesday,18,100
Hospital,Emergency,94,8,22,5,Monday,18,59
Hospital,Emergency,32,5,8,48,Tuesday,17,38
Bank,Loan Department,31,7,18,29,Monday,17,39
Government Office,General,89,8,23,23,Wednesday,13,91
Bank,Cardiology,36,10,15,43,Monday,12,56
Government Office,Customer Service,46,8,12,16,Wednesday,15,46
Bank,Emergency,55,14,17,49,Thursday,18,44
Hospital,Customer Service,67,1,18,31,Wednesday,11,69
Hospital,Customer Service,76,3,12,14,Monday,14,70
Government Office,Loan Department,75,5,20,41,Thursday,9,72
Hospital,Customer Service,90,7,24,31,Tuesday,15,97
Government Office,Loan Department,117,4,23,27,Tuesday,13,113
Hospital,Customer Service,35,10,16,26,Friday,8,25
Government Office,General,25,4,20,27,Tuesday,8,43
Government Office,Loan Department,24,1,16,46,Wednesday,16,69
Government Office,Loan Department,33,13,12,7,Wednesday,14,25
Hospital,General,49,7,4,11,Saturday,13,36
Bank,Cardiology,36,1,12,34,Thursday,9,53
Bank,Customer Service,38,5,17,43,Tuesday,11,63
Government Office,Cardiology,61,9,10,58,Tuesday,18,42
Government Office,Emergency,88,12,21,58,Tuesday,12,83
Bank,Customer Service,38,14,15,27,Saturday,13,47
Government Office,Loan Department,57,14,19,40,Tuesday,9,56
Bank,Cardiology,44,6,21,20,Thursday,15,69
Bank,Cardiology,14,9,20,31,Thursday,19,34
Hospital,General,37,2,9,30,Tuesday,8,46
Government Office,Emergency,34,3,12,8,Thursday,16,48
Bank,Loan Department,113,7,15,26,Monday,12,85
Bank,Emergency,64,6,10,20,Saturday,8,44
Hospital,Loan Department,84,7,18,5,Saturday,12,70
Bank,Emergency,28,12,9,13,Friday,10,8
Government Office,Customer Service,52,3,21,27,Friday,20,65
Government Office,Emergency,24,8,14,9,Wednesday,11,9
Bank,Loan Department,10,12,4,53,Saturday,20,5
Government Office,Customer Service,25,8,4,22,Saturday,14,24
Hospital,Emergency,116,14,11,21,Tuesday,13,63
Bank,Loan Department,82,2,0,42,Wednesday,14,51
Hospital,Cardiology,105,12,10,17,Monday,10,45
Hospital,Loan Department,85,13,10,24,Tuesday,8,35
Hospital,General,33,2,16,58,Tuesday,17,52
Government Office,Loan Department,51,7,21,57,Friday,19,62
Government Office,General,96,13,11,48,Wednesday,17,53
Government Office,Loan Department,79,1,18,15,Friday,10,74
Government Office,General,82,9,6,52,Friday,16,57
Hospital,Loan Department,96,12,17,9,Monday,14,70
Bank,General,90,10,9,16,Saturday,14,64
Bank,Loan Department,101,10,19,34,Wednesday,20,78
Bank,Cardiology,9,2,20,19,Friday,17,44
Bank,General,25,14,11,30,Monday,19,19
Bank,Loan Department,30,10,3,44,Wednesday,8,5
Bank,Emergency,15,7,1,5,Friday,8,5
Government Office,Cardiology,20,6,21,46,Friday,19,56
Bank,Emergency,103,10,20,20,Wednesday,17,74
Government Office,Emergency,71,9,10,25,Saturday,13,54
Government Office,General,92,11,21,8,Monday,19,54
Government Office,Emergency,28,8,12,14,Friday,13,31
Hospital,Emergency,85,6,12,27,Wednesday,9,56
Hospital,Customer Service,25,14,9,47,Saturday,17,15
Government Office,Cardiology,28,13,21,38,Monday,14,52
Bank,Cardiology,65,9,4,19,Saturday,14,40
Government Office,Cardiology,43,10,7,53,Saturday,17,37
Hospital,Loan Department,92,5,22,47,Saturday,20,82
Hospital,Customer Service,28,7,20,34,Thursday,17,52
Hospital,Cardiology,52,9,12,41,Wednesday,10,33
Bank,Emergency,85,11,3,49,Wednesday,13,49
Government Office,Loan Department,23,5,1,19,Monday,15,26
Bank,Loan Department,71,5,2,42,Friday,17,39
Bank,Loan Department,46,3,7,54,Wednesday,20,43
Government Office,General,78,2,11,27,Friday,15,78
Government Office,Emergency,70,5,22,39,Tuesday,13,102
Government Office,Emergency,41,7,0,12,Thursday,12,28
Government Office,Loan Department,114,10,14,57,Friday,19,75
Bank,Emergency,43,10,2,6,Thursday,12,23
Hospital,Loan Department,25,9,9,40,Tuesday,13,44
Government Office,Cardiology,48,11,0,26,Monday,20,5
Hospital,General,87,3,5,49,Saturday,20,65
Bank,Loan Department,25,4,23,6,Friday,13,68
Government Office,Emergency,34,11,6,24,Friday,19,13
Government Office,Cardiology,8,9,13,24,Friday,8,7
Bank,Customer Service,17,3,17,36,Monday,19,40
Bank,Customer Service,28,1,2,18,Wednesday,17,13
Bank,Customer Service,17,2,13,25,Tuesday,10,37
Hospital,Customer Service,40,3,10,5,Friday,11,31
Bank,General,115,1,6,57,Tuesday,15,106
Government Office,Cardiology,18,6,15,50,Tuesday,18,41
Government Office,Customer Service,117,14,9,28,Thursday,19,44
Hospital,General,21,6,7,17,Friday,16,32
Hospital,Customer Service,105,6,20,55,Saturday,9,87
Bank,Loan Department,48,14,12,33,Tuesday,18,24
Hospital,Cardiology,54,5,7,50,Friday,17,42
Bank,Emergency,61,10,5,20,Saturday,15,34
Bank,Cardiology,104,12,10,7,Saturday,19,41
Hospital,Emergency,10,3,17,20,Thursday,12,55
Government Office,Emergency,47,5,8,7,Friday,14,37
Hospital,General,68,6,13,17,Thursday,17,52
Bank,Cardiology,75,12,4,54,Thursday,16,51
Government Office,Cardiology,71,4,5,16,Tuesday,19,34
Government Office,Loan Department,78,14,0,21,Monday,10,16
Hospital,Emergency,63,7,8,16,Thursday,16,43
Government Office,Emergency,45,2,10,15,Friday,14,50
Government Office,General,118,1,10,38,Tuesday,15,102
Hospital,Cardiology,23,7,17,44,Tuesday,16,53
Hospital,Emergency,48,9,19,49,Wednesday,12,69
Bank,General,96,2,19,45,Thursday,16,102
Government Office,General,88,13,1,36,Monday,16,43
Bank,General,13,14,19,42,Thursday,20,23
Hospital,Loan Department,82,9,23,8,Friday,8,61
Hospital,Cardiology,82,9,3,29,Friday,9,38
Bank,General,17,4,17,47,Thursday,17,51
Government Office,Cardiology,40,8,13,22,Saturday,16,52
Bank,Cardiology,41,7,6,16,Friday,17,17
Hospital,Cardiology,71,10,3,46,Wednesday,16,55
Bank,Loan Department,89,14,21,20,Monday,17,50
Hospital,Cardiology,33,4,18,22,Tuesday,10,38
Bank,General,116,2,23,19,Saturday,8,103
Bank,Cardiology,32,1,4,46,Tuesday,14,53
Government Office,Cardiology,90,3,14,50,Saturday,16,90
Government Office,Emergency,110,5,11,5,Thursday,11,70
Government Office,Cardiology,25,14,1,12,Friday,13,5
Bank,Customer Service,74,5,4,37,Monday,20,53
Hospital,Cardiology,107,9,4,18,Monday,17,47
Government Office,Emergency,12,7,12,17,Thursday,12,31
Bank,Emergency,61,3,5,36,Thursday,9,39
Hospital,Customer Service,70,12,12,27,Wednesday,13,53
Hospital,Emergency,92,2,16,44,Monday,8,79
Government Office,Customer Service,106,6,4,52,Saturday,9,62
Government Office,General,35,4,6,52,Saturday,17,35
Government Office,Customer Service,52,13,11,18,Tuesday,14,42
Hospital,Customer Service,62,13,8,30,Tuesday,20,30
Hospital,Loan Department,109,13,3,13,Saturday,19,28
Hospital,General,61,6,2,58,Monday,12,53
Bank,General,20,14,19,36,Wednesday,11,31
Hospital,Customer Service,76,3,24,38,Saturday,13,98
Bank,Cardiology,112,1,14,54,Wednesday,13,110
Hospital,Customer Service,44,1,24,31,Saturday,8,63
Government Office,General,20,12,1,51,Tuesday,10,10
Hospital,Loan Department,112,1,0,43,Saturday,11,67
Government Office,Loan Department,27,12,22,19,Saturday,9,37
Government Office,Loan Department,116,13,13,21,Friday,14,78
Bank,Emergency,97,8,23,56,Thursday,19,83
Hospital,Emergency,32,2,1,51,Thursday,9,29
Bank,Emergency,55,10,19,46,Monday,17,53
Hospital,Loan Department,78,13,22,41,Saturday,17,58
Hospital,Cardiology,56,3,12,22,Tuesday,16,60
Hospital,Cardiology,28,6,20,49,Friday,9,67
Government Office,Cardiology,107,2,13,9,Thursday,9,75
Government Office,Emergency,6,7,8,41,Monday,18,8
Government Office,Customer Service,24,2,2,38,Thursday,14,32
Government Office,Emergency,43,12,21,43,Thursday,11,55
Bank,General,23,6,15,39,Thursday,8,33
Government Office,Cardiology,39,14,16,46,Tuesday,14,44
Government Office,General,74,12,16,21,Saturday,20,48
Hospital,Emergency,105,13,7,43,Tuesday,16,60
Hospital,Cardiology,100,4,17,41,Friday,14,98
Bank,Emergency,35,14,8,42,Friday,10,18
Government Office,Cardiology,87,12,3,52,Tuesday,8,43
Bank,Emergency,76,14,1,15,Wednesday,8,18
Hospital,Loan Department,60,6,20,25,Tuesday,18,60
Government Office,Loan Department,12,7,7,12,Friday,18,10
Hospital,General,38,11,15,45,Tuesday,14,56
Government Office,Loan Department,100,9,16,31,Friday,13,73
Hospital,General,113,1,18,47,Thursday,9,103
Government Office,General,12,6,16,48,Saturday,20,35
Bank,Cardiology,71,14,7,47,Monday,8,26
Bank,Cardiology,43,12,18,8,Tuesday,10,34
Hospital,Loan Department,84,13,19,55,Thursday,16,79
Hospital,Loan Department,40,2,12,52,Saturday,15,73
Bank,Loan Department,38,3,16,9,Saturday,13,51
Bank,Customer Service,17,6,19,17,Thursday,20,38
Government Office,Loan Department,70,3,14,59,Saturday,11,64
Government Office,Cardiology,119,7,6,40,Saturday,13,84
Bank,Cardiology,31,7,2,51,Wednesday,9,22
Bank,General,64,8,14,35,Thursday,16,67
Hospital,Cardiology,82,6,13,21,Monday,13,78
Hospital,General,84,8,6,56,Tuesday,8,50
Hospital,Customer Service,112,9,13,56,Wednesday,19,82
Hospital,Emergency,117,1,3,21,Thursday,8,55
Bank,Loan Department,27,2,7,17,Friday,9,20
Hospital,Emergency,90,4,22,45,Saturday,11,86
Hospital,Loan Department,71,2,0,50,Tuesday,10,45
Government Office,Emergency,43,1,17,10,Saturday,9,61
Bank,Emergency,36,5,7,32,Tuesday,18,32
Government Office,Loan Department,60,2,13,42,Thursday,20,64
Government Office,Customer Service,32,7,17,45,Tuesday,16,57
Hospital,Cardiology,8,9,23,24,Saturday,19,35
Hospital,Emergency,35,8,6,30,Thursday,15,38
Bank,Cardiology,48,13,19,18,Wednesday,12,50
Hospital,General,54,11,23,29,Thursday,19,54
Bank,Customer Service,19,5,5,52,Monday,14,47
Hospital,Cardiology,92,8,20,20,Thursday,11,65
Hospital,Loan Department,77,9,2,56,Friday,8,36
Hospital,General,107,2,11,23,Tuesday,20,76
Bank,General,56,1,1,12,Saturday,8,28
Hospital,General,29,2,18,13,Tuesday,13,53
Government Office,Customer Service,57,2,6,15,Thursday,10,38
Hospital,Customer Service,42,8,1,55,Monday,15,44
Hospital,Customer Service,11,6,7,43,Thursday,8,9
Government Office,Cardiology,39,3,14,40,Monday,11,51
Bank,Cardiology,22,5,15,5,Saturday,20,27
Government Office,Cardiology,118,8,19,52,Friday,11,98
Hospital,Cardiology,89,11,18,27,Friday,12,74
Hospital,Emergency,54,3,10,39,Thursday,10,52
Hospital,Loan Department,45,8,10,20,Wednesday,12,42
Bank,Emergency,115,8,20,56,Friday,14,107
Bank,Loan Department,66,7,5,41,Monday,20,34
Bank,Emergency,37,13,17,19,Thursday,11,34
Government Office,Customer Service,97,13,7,26,Wednesday,15,59
Government Office,General,33,2,8,53,Monday,12,56
Bank,Cardiology,24,4,20,41,Thursday,19,56
Hospital,Customer Service,31,11,2,10,Thursday,15,9
Bank,Customer Service,31,7,11,46,Wednesday,16,42
Hospital,Emergency,99,12,10,40,Thursday,20,53
Bank,Customer Service,88,10,4,31,Wednesday,16,62
Bank,Loan Department,45,2,17,25,Saturday,20,59
Hospital,Customer Service,60,14,21,50,Friday,9,54
Government Office,Loan Department,111,1,3,17,Monday,18,65
Bank,Cardiology,15,6,19,39,Tuesday,8,49
Government Office,General,67,5,8,30,Saturday,19,43
Government Office,Cardiology,95,10,18,9,Wednesday,19,49
Hospital,Emergency,9,9,19,53,Tuesday,17,37
Government Office,Emergency,116,10,14,59,Monday,19,83
Bank,Customer Service,30,4,24,17,Saturday,8,52
Hospital,Emergency,15,13,11,58,Thursday,13,37
Bank,Customer Service,57,3,22,40,Saturday,9,67
Government Office,Emergency,11,11,23,7,Friday,13,43
Government Office,General,70,13,13,45,Saturday,13,59
Government Office,Loan Department,94,12,11,22,Wednesday,20,47
Hospital,Emergency,117,5,15,53,Thursday,16,106
Government Office,Loan Department,102,8,11,57,Monday,15,84
Hospital,Emergency,27,13,21,57,Friday,8,41
Hospital,Loan Department,83,4,20,22,Saturday,16,81
Hospital,Loan Department,17,8,1,23,Friday,19,5
Bank,Loan Department,18,6,11,24,Thursday,9,22
Bank,Customer Service,34,14,5,34,Wednesday,14,23
Bank,Emergency,68,1,1,20,Thursday,11,40
Government Office,Customer Service,82,10,7,18,Wednesday,15,67
Hospital,Loan Department,59,4,13,44,Tuesday,8,53
Hospital,Loan Department,29,3,4,42,Saturday,16,50
Hospital,Loan Department,72,7,23,23,Thursday,13,86
Government Office,Loan Department,39,8,0,37,Friday,14,27
Government Office,Cardiology,82,4,5,20,Saturday,19,35
Hospital,Customer Service,25,12,0,10,Wednesday,19,5
Hospital,Cardiology,47,3,13,6,Tuesday,10,42
Government Office,General,8,10,18,16,Wednesday,20,18
Government Office,Emergency,25,3,15,25,Monday,18,51
Government Office,Loan Department,89,12,11,36,Wednesday,12,63
Hospital,Customer Service,22,5,7,48,Wednesday,12,36
Hospital,Customer Service,102,10,18,45,Monday,11,67
Government Office,Cardiology,100,8,0,42,Saturday,15,49
Government Office,Cardiology,61,8,18,53,Monday,19,65
Hospital,Customer Service,44,9,14,43,Tuesday,9,34
Bank,Emergency,81,13,0,56,Monday,11,25
Hospital,General,6,12,22,19,Monday,20,22
Government Office,Customer Service,95,6,2,43,Monday,11,60
Bank,Customer Service,109,14,5,33,Saturday,12,51
Government Office,Cardiology,63,11,6,54,Tuesday,11,29
Government Office,Loan Department,49,9,13,15,Thursday,18,28
Government Office,Loan Department,38,6,13,28,Saturday,20,32
Government Office,Emergency,43,13,15,42,Monday,11,25
Government Office,Customer Service,100,6,1,12,Thursday,18,35
Bank,Emergency,50,9,14,29,Thursday,16,51
Bank,Loan Department,22,12,22,55,Thursday,13,59
Bank,Emergency,58,13,5,45,Thursday,20,32
Bank,Cardiology,13,13,4,18,Wednesday,20,5
Government Office,Emergency,115,8,0,36,Monday,15,64
Hospital,Emergency,23,2,13,54,Monday,14,69
Government Office,Customer Service,87,14,18,58,Monday,16,81
Government Office,Customer Service,94,1,21,32,Friday,18,92
Bank,Loan Department,23,1,18,11,Tuesday,16,60
Government Office,Cardiology,47,5,16,47,Saturday,20,57
Hospital,Customer Service,46,3,19,53,Thursday,9,74
Bank,General,20,5,2,31,Friday,11,14
Bank,Cardiology,26,8,22,53,Thursday,20,48
Bank,General,119,6,24,45,Wednesday,11,106
Bank,Loan Department,89,9,13,59,Friday,15,78
Government Office,Customer Service,84,8,22,29,Friday,12,77
Bank,Cardiology,83,7,0,5,Tuesday,16,43
Government Office,Cardiology,60,9,11,10,Friday,12,52
Bank,Cardiology,19,6,5,8,Friday,15,28
Bank,Cardiology,89,14,17,39,Tuesday,18,53
Bank,Cardiology,34,5,5,25,Tuesday,12,39
Bank,Loan Department,42,8,14,22,Friday,19,36
Bank,Cardiology,25,1,8,55,Thursday,19,40
Hospital,Loan Department,61,7,4,42,Tuesday,9,33
Bank,Customer Service,7,5,22,13,Friday,17,33
Hospital,General,87,13,22,50,Wednesday,13,92
Bank,Cardiology,95,7,3,16,Monday,18,30
Government Office,Cardiology,31,14,1,37,Tuesday,14,15
Hospital,General,45,9,19,13,Friday,20,40
Bank,Emergency,26,2,13,42,Tuesday,20,43
Hospital,General,50,11,23,32,Friday,15,65
Government Office,Emergency,52,6,19,35,Tuesday,19,58
Government Office,Customer Service,6,1,19,49,Wednesday,16,67
Bank,General,46,12,16,57,Thursday,12,61
Hospital,Emergency,98,6,3,55,Monday,14,72
Government Office,Cardiology,39,10,24,13,Monday,12,62
Bank,Cardiology,34,4,3,6,Wednesday,19,19
Bank,Cardiology,40,8,12,46,Wednesday,17,43
Hospital,Loan Department,54,2,10,35,Thursday,20,45
Hospital,General,51,14,15,59,Tuesday,13,66
Hospital,Customer Service,13,5,4,47,Wednesday,18,21
Government Office,Emergency,56,9,23,32,Friday,19,57
Hospital,Emergency,94,8,23,20,Saturday,14,84
Bank,Loan Department,19,7,16,26,Thursday,11,25
Hospital,General,60,14,14,19,Friday,9,31
Hospital,Emergency,20,5,1,56,Monday,12,35
Bank,Cardiology,35,9,3,51,Monday,18,24
Hospital,Customer Service,69,2,0,12,Tuesday,18,32
Hospital,Loan Department,86,6,8,16,Saturday,13,53
Hospital,Emergency,93,2,4,38,Saturday,10,51
Government Office,Cardiology,11,12,4,51,Thursday,16,16
Hospital,Emergency,64,4,14,46,Monday,11,67
Bank,General,14,1,20,18,Thursday,17,42
Bank,Customer Service,116,13,8,11,Monday,9,42
Government Office,General,31,8,16,24,Thursday,16,52
Hospital,Customer Service,47,8,6,32,Tuesday,14,44
Bank,General,44,7,5,29,Saturday,14,45
Bank,Loan Department,63,13,6,44,Monday,16,41
Bank,Emergency,102,14,7,53,Wednesday,13,72
Government Office,Emergency,22,8,21,46,Thursday,20,46
Bank,General,60,12,22,32,Monday,14,67
Government Office,Cardiology,8,10,3,54,Saturday,16,22
Hospital,Customer Service,107,14,1,39,Thursday,10,33
Government Office,Emergency,84,8,17,51,Friday,8,76
Government Office,General,54,9,23,18,Tuesday,9,50
Government Office,Cardiology,104,4,14,19,Saturday,16,90
Bank,Customer Service,110,13,19,14,Thursday,8,57
Bank,Emergency,92,2,7,5,Monday,17,54
Hospital,Cardiology,20,5,1,27,Monday,16,20
Government Office,General,118,9,24,55,Friday,18,105
Government Office,Cardiology,119,1,4,17,Tuesday,11,64
Government Office,Customer Service,88,1,9,36,Thursday,18,53
Hospital,Emergency,74,12,6,52,Saturday,10,45
Hospital,Emergency,25,9,21,46,Saturday,16,68
Government Office,General,84,1,16,34,Saturday,20,87
Government Office,Loan Department,57,13,13,23,Monday,17,37
Government Office,Loan Department,89,5,8,44,Wednesday,15,70
Bank,Cardiology,53,3,6,21,Monday,20,27
Bank,Emergency,6,11,24,52,Friday,17,47
Hospital,General,9,5,11,39,Saturday,13,48
Government Office,General,48,10,13,35,Saturday,20,33
Government Office,Customer Service,68,13,2,13,Monday,9,18
Hospital,Loan Department,50,9,19,25,Thursday,17,52
Hospital,Emergency,26,13,8,9,Wednesday,17,8
Hospital,Emergency,69,10,21,43,Wednesday,17,70
Bank,General,50,5,16,26,Wednesday,19,55
Government Office,Loan Department,14,7,22,38,Friday,18,43
Bank,Emergency,119,12,15,42,Tuesday,19,79
Bank,Loan Department,29,3,2,26,Thursday,18,21
Hospital,General,90,7,10,36,Tuesday,12,74
Hospital,Loan Department,68,4,9,38,Tuesday,15,70
Bank,Customer Service,22,3,3,24,Monday,11,20
Bank,Customer Service,29,4,8,49,Friday,13,48
Bank,Emergency,42,5,18,18,Friday,16,63
Bank,Customer Service,115,7,13,10,Monday,16,82
Government Office,Loan Department,19,4,7,38,Friday,12,48
Hospital,Cardiology,119,5,21,24,Friday,8,88
Bank,General,11,2,17,6,Thursday,14,54
Hospital,General,108,5,10,9,Monday,18,60
Bank,Loan Department,100,4,14,23,Tuesday,8,73
Government Office,Loan Department,80,9,23,21,Saturday,8,67
Bank,Emergency,96,9,17,55,Tuesday,17,78
Hospital,Cardiology,84,2,17,20,Monday,15,81
Bank,Loan Department,11,12,1,14,Wednesday,8,5
Government Office,Emergency,48,3,5,18,Friday,20,35
Hospital,Cardiology,113,3,17,33,Monday,11,76
Hospital,Loan Department,92,3,11,55,Saturday,11,81
Hospital,Loan Department,72,1,1,17,Friday,10,45
Hospital,General,109,1,9,22,Tuesday,8,63
Bank,Emergency,75,9,18,28,Thursday,10,60
Hospital,Customer Service,8,6,3,9,Friday,11,10
Hospital,Cardiology,112,7,7,57,Saturday,16,82
Hospital,Loan Department,17,14,7,29,Tuesday,18,5
Government Office,Customer Service,119,12,11,22,Tuesday,9,54
Bank,General,34,14,17,35,Thursday,9,41
Bank,General,116,13,19,53,Monday,19,76
Bank,General,65,4,22,7,Monday,11,67
Bank,General,44,11,6,6,Wednesday,15,33
Hospital,Emergency,91,2,10,53,Monday,18,79
Government Office,Loan Department,71,11,17,39,Tuesday,9,48
Hospital,Loan Department,88,12,24,15,Friday,16,75
Hospital,Loan Department,96,1,4,14,Monday,10,59
Government Office,Emergency,22,13,18,9,Tuesday,9,18
Hospital,Loan Department,70,11,17,42,Monday,11,49
Bank,Loan Department,85,6,10,23,Friday,14,70
Government Office,Emergency,92,4,23,50,Friday,8,91
Bank,Cardiology,40,6,8,25,Tuesday,17,33
Hospital,Cardiology,65,10,7,8,Tuesday,19,26
Hospital,Cardiology,73,6,4,55,Tuesday,16,57
Bank,Cardiology,12,9,14,40,Wednesday,18,32
Hospital,Loan Department,115,3,14,41,Friday,15,102
Hospital,Cardiology,43,6,18,32,Thursday,10,53
Bank,Loan Department,83,10,10,27,Thursday,18,60
Government Office,Loan Department,66,3,17,29,Friday,10,63
Government Office,Cardiology,54,9,14,43,Saturday,13,60
Bank,Loan Department,25,7,19,33,Friday,17,42
Government Office,Cardiology,54,7,3,56,Saturday,14,54
Bank,Loan Department,71,5,20,6,Monday,8,59
Hospital,General,74,7,18,48,Friday,8,75
Government Office,Customer Service,43,3,12,30,Saturday,8,50
Hospital,General,18,6,11,24,Monday,19,28
Government Office,Customer Service,95,6,9,56,Tuesday,19,64
Hospital,General,38,7,8,48,Tuesday,16,48
Hospital,Customer Service,69,6,14,36,Wednesday,12,74
Hospital,Customer Service,116,10,9,40,Saturday,9,58
Government Office,Loan Department,27,8,4,38,Thursday,8,21
Government Office,General,96,6,21,19,Tuesday,8,80
Government Office,Emergency,19,2,17,29,Monday,12,59
Bank,Customer Service,95,1,20,8,Thursday,9,77
Government Office,Cardiology,87,2,1,18,Saturday,19,51
Bank,General,95,12,2,17,Tuesday,20,30
Hospital,Customer Service,13,13,22,58,Tuesday,15,59
Hospital,Loan Department,23,12,22,44,Tuesday,9,40
Government Office,Loan Department,113,7,8,16,Friday,8,56
Hospital,Customer Service,19,3,23,56,Thursday,10,62
Government Office,Loan Department,73,14,18,8,Saturday,15,58
Government Office,Cardiology,61,6,2,19,Saturday,13,39
Government Office,Cardiology,71,11,2,32,Monday,20,30
Bank,Customer Service,14,1,3,7,Saturday,18,6
Hospital,Loan Department,16,9,11,17,Thursday,12,28
Bank,Customer Service,105,8,3,25,Friday,20,52
Government Office,Cardiology,55,5,18,25,Monday,19,57
Bank,Customer Service,69,12,13,10,Monday,16,53
Government Office,Cardiology,90,2,23,15,Monday,8,89
Government Office,Customer Service,67,4,20,6,Wednesday,13,69
Hospital,Emergency,99,10,23,36,Tuesday,17,77
Bank,General,119,6,6,45,Wednesday,19,78
Government Office,Customer Service,20,4,10,48,Friday,12,43
Government Office,Cardiology,15,13,17,49,Saturday,12,42
Hospital,General,117,4,15,27,Thursday,11,86
Bank,Emergency,44,6,21,18,Thursday,17,49
Government Office,Emergency,89,3,15,19,Wednesday,8,69
Government Office,Emergency,114,10,9,56,Tuesday,17,68
Bank,Customer Service,99,11,21,20,Saturday,20,66
Bank,Emergency,35,9,3,57,Monday,10,24
Hospital,Loan Department,94,8,23,12,Wednesday,14,88
Hospital,Cardiology,90,7,8,48,Saturday,17,50
Government Office,Cardiology,41,8,0,32,Thursday,11,17
Hospital,Loan Department,9,2,23,51,Monday,18,57
Hospital,Loan Department,88,12,12,9,Wednesday,9,47
Hospital,Cardiology,35,6,23,29,Wednesday,12,73
Bank,Emergency,32,6,20,16,Monday,20,49
Hospital,Emergency,68,7,12,31,Friday,12,70
Government Office,Cardiology,21,5,17,44,Tuesday,8,45
Government Office,Customer Service,54,10,22,10,Friday,20,49
Hospital,Customer Service,76,7,12,12,Thursday,19,53
Government Office,Cardiology,69,7,12,7,Monday,8,40
Bank,Emergency,115,5,10,26,Tuesday,10,60
Government Office,Cardiology,66,5,8,32,Thursday,10,44
Government Office,Cardiology,96,11,12,42,Friday,10,47
Bank,Loan Department,42,1,10,51,Saturday,13,66
Bank,Loan Department,85,8,6,11,Saturday,16,53
Bank,Cardiology,36,11,24,12,Thursday,16,61
Hospital,Customer Service,34,3,7,53,Monday,12,45
Hospital,Emergency,59,12,12,18,Friday,11,33
Government Office,Emergency,58,14,6,51,Friday,12,46
Government Office,General,116,7,22,31,Tuesday,14,108
Hospital,General,39,12,2,11,Wednesday,20,5
Hospital,Cardiology,50,4,5,44,Tuesday,10,43
Bank,General,62,7,19,22,Tuesday,17,56
Hospital,Cardiology,26,5,20,6,Wednesday,10,37
Bank,Customer Service,47,2,22,17,Monday,15,78
Government Office,Emergency,11,9,21,5,Saturday,8,25
Government Office,Cardiology,8,14,3,6,Monday,9,5
Hospital,Loan Department,93,10,16,12,Monday,11,61
Bank,Emergency,67,14,20,27,Wednesday,19,48
Hospital,General,110,11,7,45,Saturday,15,66
Government Office,Cardiology,39,1,19,19,Thursday,9,58
Hospital,General,70,1,17,35,Thursday,15,83
Bank,Cardiology,68,5,8,45,Wednesday,20,55
Hospital,Cardiology,7,1,13,18,Thursday,18,38
Bank,Emergency,39,1,15,33,Tuesday,13,68
Hospital,General,54,10,7,38,Wednesday,19,33
Hospital,Customer Service,22,11,15,14,Thursday,18,18
Hospital,Cardiology,79,4,18,5,Monday,19,56
Hospital,Customer Service,71,12,8,57,Monday,18,50
Government Office,Customer Service,53,4,14,55,Monday,17,64
Government Office,Loan Department,76,12,22,19,Wednesday,18,56
Hospital,Emergency,86,4,14,47,Monday,17,72
Hospital,General,7,3,14,42,Monday,13,54
Hospital,Cardiology,117,10,7,54,Tuesday,12,79
Hospital,Loan Department,14,10,4,30,Friday,13,17
Bank,Emergency,33,12,19,22,Friday,10,29
Government Office,Customer Service,70,2,16,14,Thursday,19,69
Bank,Cardiology,5,8,3,29,Saturday,12,21
Hospital,Cardiology,35,2,18,57,Friday,11,66
Government Office,Cardiology,26,7,19,27,Thursday,20,36
Bank,Cardiology,7,7,19,49,Wednesday,17,46
Bank,Cardiology,104,5,4,43,Friday,18,58
Bank,Customer Service,11,9,19,14,Wednesday,16,40
Government Office,Cardiology,82,9,0,21,Tuesday,15,36
Hospital,Emergency,28,11,6,13,Thursday,20,13
Government Office,Emergency,7,5,9,37,Tuesday,12,34
Bank,General,56,6,1,33,Saturday,18,23
Bank,Emergency,72,13,4,24,Friday,11,21
Government Office,Loan Department,91,13,17,53,Friday,16,79
Hospital,Customer Service,52,4,21,41,Tuesday,9,74
Government Office,Customer Service,90,3,4,38,Friday,18,56
Bank,Loan Department,28,3,12,11,Monday,15,49
Government Office,Emergency,71,13,17,33,Tuesday,16,59
Government Office,Emergency,105,4,7,18,Friday,16,68
Bank,General,68,4,13,48,Tuesday,11,62
Bank,Cardiology,36,9,16,57,Tuesday,16,61
Government Office,Emergency,81,7,9,20,Friday,14,59
Government Office,General,71,12,8,19,Friday,11,34
Hospital,Customer Service,81,10,19,49,Monday,19,63
Government Office,Customer Service,96,14,20,15,Wednesday,11,57
Government Office,Loan Department,99,4,2,38,Tuesday,15,63
Hospital,Emergency,88,13,20,33,Thursday,20,53
Bank,Loan Department,61,2,20,52,Thursday,14,91
Bank,Loan Department,55,1,17,18,Wednesday,20,55
Hospital,General,68,5,0,53,Saturday,13,56
Hospital,Cardiology,51,6,21,36,Wednesday,11,65
Government Office,General,50,6,0,45,Saturday,17,38
Government Office,Cardiology,6,2,5,59,Wednesday,14,44
Government Office,Loan Department,33,4,13,7,Saturday,10,28
Hospital,General,41,1,3,27,Tuesday,14,45
Government Office,Customer Service,20,2,17,5,Tuesday,20,30
Government Office,Customer Service,60,8,14,52,Tuesday,18,49
Hospital,Customer Service,85,12,9,24,Saturday,8,40
Hospital,Emergency,100,3,21,46,Thursday,20,91
Hospital,Emergency,112,2,6,24,Saturday,11,62
Government Office,Loan Department,40,7,9,51,Tuesday,16,59
Bank,Loan Department,5,4,17,29,Tuesday,19,38
Government Office,General,30,1,6,59,Monday,13,58
Hospital,General,13,13,19,18,Friday,14,36
Hospital,Emergency,54,5,19,12,Wednesday,12,76
Government Office,Loan Department,61,9,18,33,Saturday,12,67
Government Office,Loan Department,47,13,9,7,Saturday,11,19
Bank,Customer Service,112,7,14,51,Monday,8,75
Government Office,Loan Department,85,8,18,43,Friday,14,89
Hospital,Cardiology,7,14,2,33,Wednesday,19,5
Hospital,General,32,10,6,43,Friday,10,23
Bank,General,39,2,14,56,Friday,12,78
Government Office,Emergency,28,8,20,49,Wednesday,18,48
Hospital,Cardiology,76,1,4,56,Saturday,13,70
Hospital,Cardiology,117,14,14,10,Wednesday,17,58
Hospital,Customer Service,57,8,8,47,Thursday,14,56
Bank,Loan Department,31,9,4,55,Friday,11,21
Government Office,Cardiology,35,3,20,39,Tuesday,13,73
Hospital,Customer Service,66,9,2,26,Wednesday,12,41
Bank,General,43,6,17,36,Tuesday,15,66
Bank,Loan Department,40,8,6,50,Saturday,16,40
Bank,General,14,7,17,36,Monday,20,24
Hospital,Cardiology,12,10,15,59,Wednesday,9,25
Government Office,General,79,6,0,16,Thursday,15,49
Hospital,Customer Service,85,1,7,58,Thursday,17,73
Hospital,General,60,11,13,28,Wednesday,15,53
Hospital,Cardiology,40,9,17,14,Saturday,17,34
Government Office,Loan Department,114,13,14,20,Saturday,10,60
Bank,General,31,5,8,19,Tuesday,17,26
Bank,General,112,5,8,50,Thursday,19,69
Government Office,Customer Service,40,4,16,55,Tuesday,10,64
Government Office,Loan Department,18,1,12,45,Thursday,10,36
Government Office,General,63,1,2,38,Monday,13,49
Government Office,Emergency,93,13,1,38,Friday,15,46
Hospital,Loan Department,25,13,24,42,Tuesday,11,35
Bank,Customer Service,48,9,8,43,Thursday,17,41
Hospital,General,20,5,11,28,Thursday,12,42
Bank,Customer Service,24,9,22,43,Monday,17,40
Bank,Customer Service,26,10,22,19,Monday,14,65
Government Office,Customer Service,17,12,3,22,Saturday,9,5
Government Office,Customer Service,104,3,16,32,Friday,9,80
Bank,Cardiology,116,11,24,17,Monday,9,76
Hospital,Emergency,97,5,3,16,Friday,9,44
Government Office,Emergency,65,12,2,24,Saturday,17,26
Hospital,Loan Department,31,11,9,5,Thursday,12,34
Hospital,Loan Department,15,2,6,24,Thursday,13,45
Bank,Cardiology,25,3,3,17,Tuesday,9,13
Government Office,Emergency,33,9,23,17,Monday,9,39
Government Office,Cardiology,53,1,5,23,Friday,10,33
Hospital,Emergency,5,8,16,25,Wednesday,11,21
Bank,General,112,13,3,57,Friday,11,48
Government Office,Cardiology,101,7,8,5,Friday,8,46
Hospital,Cardiology,70,9,3,49,Thursday,13,55
Bank,Cardiology,111,13,10,55,Tuesday,14,72
Government Office,Customer Service,21,2,14,21,Tuesday,10,48
Bank,General,73,10,13,38,Wednesday,18,46
Bank,Cardiology,30,6,11,27,Tuesday,12,44
Government Office,Customer Service,13,1,19,32,Tuesday,20,47
Hospital,Emergency,37,4,15,34,Monday,19,49
Hospital,Emergency,77,13,16,21,Friday,19,51
Bank,Emergency,71,1,11,36,Thursday,18,67
Bank,General,110,2,3,21,Friday,18,56
Government Office,General,50,8,3,42,Tuesday,14,36
Bank,Loan Department,23,11,23,40,Tuesday,20,49
Bank,Cardiology,52,4,7,59,Thursday,19,45
Hospital,Loan Department,81,8,24,25,Wednesday,9,74
Government Office,Customer Service,116,4,5,31,Saturday,20,71
Government Office,Loan Department,116,7,22,25,Thursday,11,85
Hospital,General,75,14,6,26,Thursday,15,42
Hospital,Loan Department,91,10,17,46,Wednesday,14,86
Government Office,General,69,14,17,17,Thursday,12,57
Government Office,Cardiology,108,8,9,36,Friday,16,67
Government Office,Emergency,52,8,18,24,Monday,16,55
Hospital,Loan Department,10,14,24,12,Saturday,10,27
Government Office,General,56,2,12,28,Monday,20,51
Government Office,Customer Service,18,12,10,10,Tuesday,15,25
Government Office,Cardiology,93,2,12,37,Friday,8,65
Bank,Loan Department,28,11,3,28,Monday,15,21
Hospital,Emergency,24,3,16,41,Tuesday,17,47
Bank,Customer Service,108,12,24,27,Friday,17,87
Government Office,Loan Department,56,10,8,48,Tuesday,8,31
Hospital,General,81,4,6,50,Thursday,11,54
Government Office,Customer Service,88,4,0,58,Tuesday,8,54
Hospital,Loan Department,38,11,20,28,Friday,17,30
Hospital,Emergency,17,3,3,8,Tuesday,19,10
Hospital,Customer Service,96,7,10,28,Saturday,18,59
Bank,Loan Department,48,10,6,23,Friday,20,31
Government Office,General,23,12,19,26,Friday,10,28
Bank,General,97,5,10,41,Tuesday,19,65
Hospital,Loan Department,22,12,4,52,Friday,17,5
Bank,Emergency,106,7,20,29,Thursday,20,82
Bank,Loan Department,98,14,12,46,Saturday,11,44
Government Office,Customer Service,59,8,17,39,Tuesday,15,67
Hospital,Loan Department,85,8,23,11,Saturday,16,72
Government Office,Emergency,104,10,9,49,Thursday,12,70
Bank,General,114,10,21,16,Thursday,17,73
Bank,Loan Department,56,4,6,45,Monday,12,56
Government Office,Emergency,63,13,13,48,Tuesday,15,55
Hospital,Loan Department,56,13,1,16,Monday,17,11
Hospital,General,73,5,22,37,Saturday,18,76
Hospital,Customer Service,48,12,15,28,Friday,15,43
Bank,Cardiology,57,10,16,53,Saturday,8,57
Hospital,Emergency,8,3,10,21,Saturday,16,40
Government Office,Emergency,70,6,8,9,Friday,19,42
Hospital,Customer Service,76,4,7,58,Monday,19,62
Government Office,Cardiology,65,12,22,10,Tuesday,12,60
Hospital,General,8,7,4,15,Wednesday,19,10
Hospital,Cardiology,19,2,12,58,Saturday,20,45
Bank,Loan Department,29,12,21,24,Thursday,13,54
Bank,Loan Department,71,5,0,19,Monday,14,51
Bank,Emergency,47,1,21,19,Saturday,20,64
Government Office,Cardiology,22,9,0,47,Monday,17,5
Bank,Cardiology,6,14,5,44,Thursday,20,5
Hospital,Loan Department,20,5,11,15,Friday,9,34
Hospital,General,100,11,21,7,Monday,9,64
Bank,Emergency,35,1,23,5,Wednesday,9,57
Government Office,General,71,14,22,6,Wednesday,19,45
Hospital,General,38,5,6,36,Wednesday,14,53
Government Office,Customer Service,116,3,24,14,Thursday,8,98
Bank,Customer Service,67,8,17,7,Friday,12,68
Hospital,Cardiology,50,7,13,15,Monday,16,56
Bank,Customer Service,101,4,5,26,Friday,19,65
Hospital,Emergency,117,2,10,16,Tuesday,10,77
Hospital,Emergency,86,8,5,11,Tuesday,10,34
Hospital,General,119,7,18,13,Wednesday,13,82
Government Office,Loan Department,27,12,19,28,Monday,10,29
Bank,Emergency,44,6,9,21,Tuesday,20,41
Government Office,Emergency,21,7,17,28,Monday,14,50
Government Office,Loan Department,37,5,20,14,Tuesday,10,46
Hospital,Customer Service,50,13,8,42,Monday,12,38
Government Office,Loan Department,39,2,20,23,Thursday,14,71
Bank,Emergency,29,11,9,21,Thursday,12,34
Bank,Cardiology,22,12,17,5,Tuesday,12,39
Hospital,Cardiology,70,3,14,38,Wednesday,15,75
Bank,Emergency,46,1,19,58,Friday,12,93
Government Office,Loan Department,43,14,6,26,Thursday,11,18
Bank,General,79,6,20,37,Tuesday,18,72
Government Office,Emergency,107,8,17,39,Saturday,10,78
Government Office,Customer Service,57,8,23,38,Wednesday,10,57
Government Office,Emergency,72,9,9,6,Saturday,13,54
Government Office,Customer Service,49,1,1,7,Saturday,17,21
Hospital,Cardiology,9,10,9,16,Wednesday,16,16
Hospital,General,7,5,24,53,Saturday,8,57
Hospital,Customer Service,21,9,5,53,Wednesday,15,38
Bank,General,31,8,8,32,Tuesday,14,38
Bank,General,75,2,21,54,Thursday,9,78
Hospital,Customer Service,7,14,11,50,Monday,14,35
Government Office,Cardiology,40,13,15,20,Tuesday,20,23
Bank,Customer Service,60,14,23,52,Friday,14,72
Government Office,Emergency,94,11,12,48,Wednesday,16,74
Hospital,Cardiology,5,8,3,25,Thursday,14,13
Bank,Loan Department,119,5,4,53,Wednesday,13,90
Hospital,General,27,5,6,10,Saturday,16,34
Bank,Customer Service,26,1,12,16,Saturday,8,37
Hospital,Emergency,94,11,7,44,Friday,20,54
Hospital,General,113,13,4,32,Thursday,8,44
Bank,General,35,7,2,55,Monday,8,26
Hospital,Loan Department,60,9,9,50,Wednesday,10,53
Hospital,Cardiology,98,9,5,19,Wednesday,8,41
Government Office,Emergency,74,2,0,7,Friday,16,44
Government Office,General,117,8,16,29,Friday,19,64
Government Office,Customer Service,16,13,24,55,Tuesday,16,58
Hospital,Cardiology,15,12,3,18,Friday,20,5
Bank,Cardiology,65,1,1,12,Saturday,13,50
Bank,Emergency,8,13,23,10,Monday,16,34
Government Office,Emergency,43,1,18,44,Wednesday,8,68
Bank,Emergency,107,5,12,34,Saturday,8,78
Government Office,General,52,6,21,50,Wednesday,8,67
Hospital,Emergency,16,1,20,19,Thursday,16,63
Bank,Loan Department,103,7,19,56,Friday,17,82
Government Office,Customer Service,22,2,16,12,Friday,17,38
Bank,General,90,10,8,25,Saturday,13,61
Hospital,Emergency,91,3,1,19,Monday,15,64
Hospital,Cardiology,40,4,21,32,Saturday,10,64
Bank,Customer Service,10,9,21,50,Saturday,17,38
Hospital,General,117,11,9,57,Friday,10,66
Bank,Cardiology,94,1,17,55,Friday,15,107
Hospital,Loan Department,80,8,4,28,Monday,10,31
Government Office,Customer Service,106,12,1,31,Friday,18,31
Bank,Emergency,68,9,3,9,Thursday,11,25
Hospital,General,11,6,13,34,Saturday,17,36
Government Office,Cardiology,20,5,2,27,Tuesday,12,27
Government Office,Emergency,6,6,7,27,Friday,12,30
Bank,Emergency,72,14,18,27,Tuesday,15,62
Bank,Cardiology,58,12,0,11,Friday,9,6
Bank,Cardiology,96,1,23,43,Tuesday,10,93
Hospital,Emergency,28,5,22,23,Friday,20,53
Government Office,General,37,11,17,37,Friday,8,40
Hospital,Emergency,16,9,17,59,Wednesday,16,53
Bank,Loan Department,101,3,21,46,Saturday,18,93
Bank,Emergency,87,6,9,45,Friday,9,62
Hospital,Loan Department,94,14,10,45,Saturday,15,59
Hospital,Loan Department,76,12,14,38,Thursday,16,58
Bank,Cardiology,101,9,8,49,Saturday,15,68
Government Office,Loan Department,99,10,19,39,Thursday,16,89
Hospital,Customer Service,101,5,15,51,Saturday,13,99
Government Office,Loan Department,19,6,1,28,Friday,19,5
Bank,Loan Department,53,12,0,5,Thursday,15,19
Bank,Loan Department,69,10,18,47,Thursday,15,75
Hospital,Emergency,29,10,11,45,Tuesday,8,26
Bank,General,85,5,13,38,Wednesday,15,85
Government Office,Loan Department,85,3,22,5,Monday,20,76
Bank,Customer Service,23,3,9,9,Wednesday,19,14
Hospital,Customer Service,111,7,4,56,Friday,10,67
Hospital,Emergency,67,12,17,53,Wednesday,11,57
Hospital,Loan Department,116,11,1,52,Tuesday,10,55
Bank,Loan Department,61,13,12,9,Monday,20,32
Hospital,General,28,13,5,37,Thursday,16,33
Bank,General,15,8,23,11,Monday,14,41
Hospital,General,25,4,20,14,Friday,9,37
Bank,General,118,14,5,41,Tuesday,15,56
Hospital,Customer Service,80,10,3,27,Friday,9,33
Bank,Customer Service,94,12,0,51,Friday,16,46
Hospital,Emergency,105,7,23,54,Tuesday,19,101
Government Office,Customer Service,26,12,17,36,Thursday,13,45
Bank,Customer Service,24,4,0,19,Wednesday,18,13
Government Office,Cardiology,115,11,4,35,Wednesday,20,51
Government Office,Cardiology,39,6,6,10,Monday,13,26
Hospital,General,40,12,19,27,Saturday,14,58
Hospital,Emergency,98,11,17,45,Thursday,16,78
Bank,Emergency,19,6,7,19,Tuesday,16,37
Government Office,Loan Department,107,6,17,20,Friday,9,74
Hospital,General,34,7,1,39,Thursday,10,15
Government Office,Cardiology,61,13,4,6,Thursday,17,8
Bank,Cardiology,102,6,23,59,Saturday,9,99
Bank,Customer Service,54,9,19,29,Tuesday,11,58
Government Office,General,47,11,6,16,Saturday,19,17
Hospital,Loan Department,67,2,21,20,Monday,12,84
Bank,Emergency,57,7,10,18,Tuesday,12,55
Government Office,General,84,2,20,59,Monday,14,110
Bank,Loan Department,115,14,18,9,Tuesday,20,61
Bank,Emergency,99,13,17,48,Wednesday,11,60
Government Office,Emergency,73,9,12,14,Wednesday,11,44
Government Office,Emergency,84,14,12,40,Thursday,18,54
Hospital,Emergency,83,4,19,49,Monday,20,85
Government Office,Emergency,63,5,21,58,Tuesday,14,84
Bank,Cardiology,41,13,4,29,Wednesday,17,14
Bank,Cardiology,92,4,22,12,Saturday,20,81
Bank,Customer Service,88,10,21,46,Wednesday,20,61
Government Office,Cardiology,41,9,10,31,Saturday,18,36
Bank,Cardiology,91,5,0,7,Tuesday,20,36
Government Office,Loan Department,32,14,19,34,Tuesday,10,32
Hospital,Emergency,82,14,24,53,Friday,13,86
Government Office,General,76,3,8,15,Thursday,15,63
Hospital,Loan Department,30,5,18,41,Monday,10,48
Government Office,Cardiology,96,4,21,7,Wednesday,16,91
Bank,Loan Department,7,8,12,47,Monday,15,37
Government Office,Customer Service,76,3,9,35,Monday,20,50
Government Office,Cardiology,86,9,6,52,Saturday,17,40
Government Office,Customer Service,52,7,23,37,Wednesday,13,78
Bank,Emergency,8,4,3,46,Friday,13,23
Government Office,Emergency,108,3,16,21,Monday,16,92
Hospital,General,98,8,21,29,Wednesday,15,94
Government Office,Cardiology,14,1,7,58,Wednesday,19,39
Hospital,Customer Service,77,12,11,58,Wednesday,15,72
Hospital,Cardiology,13,4,23,39,Tuesday,17,49
Bank,Emergency,26,1,4,13,Tuesday,16,36
Government Office,Cardiology,106,3,7,46,Wednesday,12,94
Government Office,Loan Department,99,9,23,43,Tuesday,17,85
Bank,General,45,9,9,46,Tuesday,12,55
Bank,General,18,1,12,25,Saturday,20,40
Hospital,Cardiology,54,2,12,44,Thursday,15,69
Government Office,General,57,1,19,35,Monday,14,86
Bank,Loan Department,39,12,18,29,Wednesday,9,36
Hospital,Loan Department,38,3,2,50,Wednesday,11,31
Bank,Cardiology,12,13,10,33,Wednesday,14,23
Hospital,General,85,5,1,42,Friday,15,60
Government Office,Cardiology,105,4,1,16,Saturday,16,58
Hospital,Customer Service,25,5,13,39,Saturday,15,56
Government Office,Loan Department,19,13,5,51,Tuesday,14,30
Hospital,General,26,11,13,19,Saturday,18,18
Government Office,Cardiology,48,3,21,32,Monday,19,65
Government Office,General,38,4,8,19,Saturday,16,46
Government Office,General,88,8,18,23,Friday,20,56
Hospital,Loan Department,37,10,17,39,Monday,15,55
Hospital,Cardiology,54,3,7,31,Wednesday,18,32
Hospital,Customer Service,51,14,6,14,Saturday,13,23
Bank,Emergency,110,6,16,55,Monday,20,86
Hospital,Customer Service,80,9,8,9,Monday,17,32
Hospital,Emergency,112,9,24,35,Friday,11,89
Hospital,General,92,11,23,39,Monday,9,81
Bank,Cardiology,36,7,1,45,Tuesday,14,34
Hospital,Customer Service,19,8,20,39,Tuesday,9,34
Hospital,Loan Department,111,11,23,11,Friday,12,86
Hospital,Customer Service,53,1,13,46,Monday,17,75
Bank,Cardiology,44,14,6,10,Thursday,15,23
Government Office,General,73,5,3,21,Saturday,10,38
Bank,General,56,14,7,38,Thursday,12,34
Government Office,Emergency,41,13,4,57,Tuesday,10,17
Government Office,General,56,8,18,16,Friday,19,43
Bank,Customer Service,47,7,16,7,Friday,9,33
Government Office,Customer Service,26,6,21,47,Monday,20,51
Government Office,General,73,14,22,59,Saturday,17,62
Government Office,General,94,6,14,25,Thursday,12,77
Government Office,Loan Department,5,1,18,18,Saturday,12,51
Government Office,Cardiology,87,2,1,10,Saturday,18,39
Government Office,Customer Service,55,6,0,17,Wednesday,20,31
Hospital,Cardiology,31,7,19,7,Tuesday,18,35
Government Office,Cardiology,49,14,4,58,Monday,8,14
Government Office,Cardiology,92,13,5,58,Wednesday,14,68
Bank,Customer Service,118,7,3,21,Saturday,20,51
Bank,Loan Department,41,3,3,59,Monday,20,41
Bank,General,100,7,15,21,Thursday,13,67
Hospital,Cardiology,48,9,14,48,Thursday,11,41
Hospital,Customer Service,74,4,22,48,Thursday,11,79
Government Office,Customer Service,87,6,12,35,Monday,20,69
Government Office,Emergency,71,14,17,31,Monday,19,35
Government Office,Loan Department,64,14,9,53,Friday,10,28
Government Office,Emergency,52,8,16,57,Saturday,10,67
Hospital,Cardiology,11,5,17,16,Tuesday,8,23
Hospital,General,96,1,2,47,Friday,14,77
Bank,Customer Service,99,6,14,11,Friday,13,74
Bank,General,22,6,23,57,Thursday,14,86
Government Office,General,119,11,7,28,Tuesday,17,51
Government Office,Emergency,25,3,22,31,Wednesday,18,61
Hospital,Emergency,77,9,0,37,Tuesday,18,40
Government Office,Loan Department,21,2,17,20,Monday,19,38
Hospital,Loan Department,76,2,13,29,Monday,11,63
Bank,Emergency,35,2,23,23,Saturday,16,75
Government Office,General,111,1,9,54,Friday,8,79
Hospital,Emergency,69,12,2,19,Monday,9,16
Hospital,Loan Department,14,5,4,19,Thursday,11,17
Government Office,General,94,8,21,56,Tuesday,16,108
Bank,General,116,12,8,14,Wednesday,16,70
Hospital,Loan Department,103,11,18,47,Saturday,17,71
Bank,Loan Department,10,13,14,49,Tuesday,13,34
Hospital,Loan Department,66,7,11,56,Saturday,9,48
Government Office,General,92,4,14,31,Saturday,10,73
Bank,Emergency,99,12,17,32,Friday,14,68
Hospital,General,60,11,4,58,Thursday,13,48
Government Office,General,96,9,14,16,Monday,13,67
Government Office,Loan Department,29,6,11,19,Saturday,16,46
Hospital,Customer Service,81,4,5,42,Friday,15,76
Government Office,Customer Service,112,12,16,11,Wednesday,12,73
Government Office,Cardiology,83,5,7,20,Saturday,16,66
Government Office,Customer Service,22,4,13,6,Wednesday,12,40
Bank,Emergency,50,13,6,51,Thursday,10,18
Government Office,Loan Department,5,9,21,33,Thursday,8,31
Hospital,Emergency,100,6,21,5,Thursday,20,78
Hospital,Loan Department,8,3,16,34,Saturday,12,53
Government Office,Cardiology,19,6,22,56,Saturday,16,67
Government Office,Customer Service,61,9,14,56,Friday,9,50
Government Office,General,37,4,0,38,Saturday,10,22
Bank,Emergency,28,10,3,40,Monday,10,10
Hospital,Cardiology,84,2,2,56,Tuesday,14,71
Bank,Customer Service,78,8,21,52,Saturday,11,77
Bank,Loan Department,77,5,2,8,Thursday,15,52
Government Office,General,112,5,8,50,Wednesday,20,73
Government Office,General,68,5,9,22,Wednesday,11,50
Hospital,General,107,14,19,22,Wednesday,18,60
Government Office,Customer Service,68,10,1,27,Tuesday,9,14
Bank,General,59,10,20,5,Friday,8,35
Hospital,Customer Service,99,7,16,39,Saturday,16,87
Government Office,Loan Department,56,2,0,8,Saturday,12,49
Bank,Emergency,108,5,11,5,Thursday,15,70
Government Office,Cardiology,86,6,9,50,Thursday,16,66
Bank,Cardiology,30,3,11,48,Friday,13,63
Government Office,General,43,11,3,25,Thursday,19,16
Bank,Customer Service,40,8,8,30,Tuesday,20,24
Hospital,Customer Service,22,6,10,35,Wednesday,12,44
Bank,General,117,8,17,40,Saturday,8,84
Bank,Loan Department,35,2,1,46,Thursday,20,24
Government Office,Loan Department,80,10,18,30,Monday,14,78
Bank,General,19,14,15,18,Monday,19,15
Hospital,Cardiology,10,1,22,32,Thursday,13,68
Bank,Customer Service,81,11,2,49,Saturday,11,37
Government Office,Customer Service,44,8,2,49,Saturday,20,22
Government Office,Loan Department,118,2,19,58,Wednesday,11,101
Hospital,General,46,1,5,39,Saturday,20,48
Bank,General,75,13,12,53,Thursday,10,49
Hospital,Cardiology,114,8,0,52,Tuesday,10,46
Government Office,Emergency,17,4,8,18,Wednesday,17,23
Government Office,Emergency,59,7,9,39,Thursday,10,43
Bank,Emergency,83,9,14,21,Thursday,9,47
Bank,Cardiology,28,7,11,27,Thursday,9,26
Hospital,Customer Service,68,10,7,34,Saturday,12,55
Government Office,Loan Department,113,3,10,49,Tuesday,14,101
Hospital,Loan Department,107,13,0,10,Friday,15,37
Government Office,Loan Department,102,10,24,27,Monday,11,77
Bank,General,92,3,3,48,Wednesday,8,57
Bank,Emergency,19,4,24,52,Wednesday,11,61
Hospital,Loan Department,60,8,6,55,Tuesday,13,55
Bank,Loan Department,115,10,1,32,Tuesday,20,41
Government Office,Emergency,17,2,22,15,Monday,17,51
Bank,Cardiology,33,8,21,9,Tuesday,16,59
Hospital,Emergency,23,7,12,9,Monday,10,17
Government Office,Loan Department,77,1,7,30,Monday,13,70
Bank,Cardiology,9,13,21,26,Monday,20,16
Hospital,Emergency,79,9,5,51,Monday,18,38
Bank,Loan Department,74,1,24,20,Saturday,19,82
Bank,Customer Service,71,5,16,59,Saturday,10,72
Government Office,Customer Service,117,4,5,5,Monday,20,48
Hospital,Emergency,56,6,10,59,Monday,10,52
Bank,General,88,10,24,13,Friday,20,67
Government Office,Loan Department,45,3,5,6,Monday,11,23
Bank,General,20,12,20,12,Tuesday,8,28
Hospital,Customer Service,16,2,22,24,Saturday,17,43
Government Office,Loan Department,57,2,9,6,Tuesday,13,51
Hospital,General,44,8,16,21,Friday,9,43
Hospital,Customer Service,104,2,11,35,Friday,20,75
Hospital,Cardiology,70,8,4,43,Wednesday,8,41
Bank,Emergency,116,1,21,31,Wednesday,13,104
Government Office,Customer Service,100,11,14,22,Monday,14,71
Government Office,Emergency,58,12,14,32,Tuesday,13,47
Bank,Emergency,61,4,5,7,Wednesday,9,29
Government Office,General,87,11,9,16,Saturday,10,39
Bank,Customer Service,92,9,14,28,Saturday,9,60
Government Office,Loan Department,7,7,10,14,Tuesday,17,7
Hospital,Customer Service,42,11,20,17,Monday,20,40
Hospital,Emergency,94,4,4,24,Saturday,16,68
Government Office,Emergency,28,3,0,26,Saturday,20,16
Hospital,Loan Department,118,3,7,7,Tuesday,9,57
Government Office,Cardiology,59,7,23,20,Wednesday,8,58
Government Office,Customer Service,25,10,24,29,Wednesday,17,46
Hospital,General,116,6,13,8,Thursday,20,59
Bank,Customer Service,98,2,10,40,Tuesday,11,74
Bank,Cardiology,116,5,3,5,Thursday,12,60
Bank,Loan Department,119,2,8,59,Wednesday,17,93
Hospital,Customer Service,46,9,10,29,Saturday,16,44
Government Office,Emergency,62,4,9,39,Thursday,17,42
Bank,Loan Department,54,8,21,12,Friday,10,52
Government Office,Cardiology,75,3,7,46,Wednesday,20,55
Government Office,Customer Service,81,8,15,33,Monday,17,64
Hospital,General,46,6,4,38,Friday,16,50
Hospital,Loan Department,108,3,12,23,Tuesday,17,66
Bank,Customer Service,100,1,15,40,Monday,9,89
Bank,Loan Department,95,11,20,56,Friday,20,76
Hospital,Emergency,35,9,19,9,Friday,8,30
Hospital,Emergency,49,12,17,6,Thursday,12,41
Bank,Customer Service,72,13,23,52,Friday,11,68
Bank,Cardiology,97,10,3,6,Tuesday,20,33
Bank,Emergency,22,1,7,19,Thursday,16,40
Hospital,Emergency,97,11,4,53,Thursday,13,65
Hospital,Emergency,22,10,9,42,Monday,9,10
Bank,Loan Department,56,12,15,46,Wednesday,20,44
Bank,General,68,5,1,38,Tuesday,18,30
Government Office,Cardiology,16,13,11,23,Friday,8,5
Bank,Emergency,78,1,17,44,Tuesday,16,92
Government Office,Customer Service,112,9,1,51,Friday,17,41
Hospital,Customer Service,43,6,11,55,Wednesday,8,42
Bank,Cardiology,73,10,8,55,Monday,18,46
Government Office,Cardiology,51,13,11,9,Thursday,12,37
Bank,Customer Service,118,5,9,17,Saturday,18,70
Government Office,General,6,10,14,50,Tuesday,19,22
Government Office,Emergency,83,13,7,25,Thursday,16,46
Hospital,Customer Service,26,14,0,49,Friday,12,22
Government Office,Customer Service,49,3,17,46,Thursday,16,74
Bank,Emergency,31,9,5,36,Thursday,12,36
Government Office,General,82,10,20,48,Wednesday,9,76
Government Office,Customer Service,32,12,6,47,Friday,14,31
Government Office,Emergency,74,7,10,36,Tuesday,14,59
Government Office,Cardiology,24,1,7,12,Wednesday,15,47
Hospital,Emergency,21,2,1,16,Saturday,15,24
Bank,Cardiology,93,2,13,15,Saturday,11,59
Government Office,Loan Department,78,8,0,57,Friday,14,57
Hospital,General,32,4,17,10,Tuesday,16,58
Hospital,Loan Department,118,6,13,7,Tuesday,10,64
Government Office,Loan Department,48,14,13,23,Friday,8,23
Bank,Emergency,114,5,17,45,Thursday,14,95
Hospital,Customer Service,11,9,3,29,Thursday,12,24
Government Office,Emergency,25,3,1,59,Friday,15,40
Hospital,Emergency,108,11,3,36,Saturday,16,67
Bank,General,43,12,5,22,Thursday,13,28
Government Office,Cardiology,23,11,12,24,Friday,11,10
Bank,Cardiology,45,10,3,35,Saturday,10,30
Government Office,General,78,6,15,14,Thursday,10,61
Hospital,General,104,3,18,16,Tuesday,10,84
Government Office,General,29,4,24,32,Monday,20,61
Government Office,Loan Department,115,5,21,43,Monday,18,93
Bank,Emergency,10,2,15,6,Monday,9,31
Bank,Emergency,111,4,4,52,Saturday,17,70
Bank,Customer Service,5,3,13,7,Saturday,14,33
Hospital,General,86,1,14,26,Thursday,19,69
Government Office,General,31,7,4,36,Friday,16,43
Government Office,Emergency,78,4,24,25,Friday,19,86
Bank,Cardiology,30,12,10,59,Wednesday,13,36
Hospital,Customer Service,68,4,5,15,Thursday,15,50
Government Office,Cardiology,62,3,22,31,Saturday,19,77
Bank,Loan Department,80,11,7,7,Friday,19,23
Government Office,General,106,4,23,33,Wednesday,9,91
Bank,Emergency,82,2,1,5,Monday,9,35
Bank,Emergency,38,9,8,52,Thursday,11,30
Hospital,Loan Department,69,9,19,58,Friday,14,75
Government Office,Emergency,79,3,3,33,Monday,13,59
Government Office,Emergency,106,1,18,37,Wednesday,16,103
Hospital,Customer Service,35,5,2,6,Tuesday,20,15
Government Office,Loan Department,49,3,17,25,Monday,15,69
Hospital,General,96,13,11,37,Monday,19,49
Government Office,Emergency,56,6,6,45,Monday,19,35
Government Office,Cardiology,110,4,21,30,Saturday,8,79
Hospital,Emergency,92,8,7,52,Monday,17,51
Bank,Loan Department,51,8,21,13,Tuesday,19,56
Hospital,Cardiology,67,10,10,30,Tuesday,11,45
Government Office,Customer Service,9,11,12,19,Saturday,20,8
Government Office,Loan Department,38,12,1,48,Tuesday,11,5
Hospital,Emergency,102,1,13,28,Thursday,10,69
Bank,Loan Department,53,13,15,13,Saturday,17,28
Government Office,Emergency,104,8,15,27,Friday,15,85
Bank,Loan Department,46,10,11,38,Wednesday,17,27
Bank,Cardiology,27,9,4,12,Wednesday,17,8
Hospital,Customer Service,62,12,12,18,Wednesday,17,38
Hospital,Emergency,119,10,1,15,Saturday,16,54
Bank,Cardiology,86,13,4,54,Thursday,14,54
Bank,Emergency,92,13,15,51,Tuesday,14,81
Hospital,Loan Department,32,1,14,50,Monday,8,55
Bank,Emergency,102,11,5,53,Monday,17,46
Hospital,General,111,5,0,15,Saturday,11,37
Hospital,Loan Department,74,7,7,6,Monday,18,26
Government Office,Cardiology,51,8,15,50,Monday,16,68
Government Office,Cardiology,34,13,8,5,Tuesday,11,5
Bank,Emergency,56,2,17,36,Monday,18,59
Hospital,Customer Service,53,5,15,49,Saturday,17,55
Hospital,Cardiology,92,9,13,55,Monday,16,84
Bank,General,85,14,9,49,Tuesday,10,38
Hospital,General,70,11,1,27,Thursday,15,35
Government Office,Emergency,99,5,12,37,Tuesday,20,70
Bank,Loan Department,56,12,12,28,Thursday,13,50
Bank,Cardiology,100,11,17,38,Saturday,19,62
Bank,Loan Department,47,2,9,35,Saturday,8,41
Bank,Customer Service,64,1,18,20,Wednesday,9,73
Hospital,Emergency,91,5,8,38,Tuesday,8,59
Government Office,Customer Service,93,8,9,10,Thursday,8,45
Hospital,Loan Department,80,7,12,17,Monday,12,70
Hospital,General,8,2,9,7,Saturday,8,20
Government Office,Loan Department,81,1,7,36,Monday,9,61
Bank,General,55,1,1,39,Monday,11,32
Bank,Cardiology,37,1,22,29,Friday,14,75
Bank,Customer Service,31,1,20,53,Tuesday,12,77
Bank,Customer Service,61,2,22,52,Saturday,11,77
Government Office,Customer Service,17,2,19,58,Monday,19,58
Bank,Loan Department,35,14,20,52,Thursday,16,60
Hospital,General,42,10,7,52,Monday,18,31
Bank,Emergency,62,12,3,14,Tuesday,13,23
Government Office,Cardiology,113,2,14,36,Tuesday,10,82
Bank,General,20,12,20,51,Thursday,20,35
Government Office,Cardiology,70,12,13,39,Saturday,15,59
Bank,Cardiology,91,12,8,21,Friday,8,36
Government Office,Emergency,69,10,22,52,Friday,8,70
Bank,Cardiology,7,12,11,39,Tuesday,15,26
Hospital,Loan Department,118,7,18,11,Thursday,8,77
Hospital,Emergency,116,3,24,51,Monday,12,119
Hospital,General,41,7,10,14,Monday,14,51
Hospital,General,101,4,0,44,Monday,16,60
Hospital,Customer Service,38,14,3,31,Thursday,10,8
Bank,Loan Department,14,8,22,44,Tuesday,20,49
Bank,Customer Service,97,5,11,17,Wednesday,20,56
Hospital,Customer Service,42,11,12,57,Friday,8,44
Government Office,Cardiology,5,11,10,44,Tuesday,11,14
Bank,Cardiology,10,12,22,12,Saturday,19,28
Bank,General,110,6,15,48,Wednesday,12,94
Government Office,Loan Department,82,14,16,31,Tuesday,11,48
Government Office,Emergency,84,4,1,20,Friday,16,58
Bank,Customer Service,68,2,14,45,Thursday,17,76
Government Office,General,97,11,17,9,Wednesday,19,60
Government Office,Cardiology,108,3,1,29,Tuesday,17,60
Government Office,Loan Department,44,2,18,5,Thursday,10,55
Bank,Cardiology,109,5,5,8,Saturday,10,52
Government Office,General,57,5,20,52,Thursday,8,69
Government Office,Customer Service,117,2,9,42,Saturday,9,79
Hospital,General,52,5,11,32,Monday,12,54
Bank,Cardiology,42,9,6,38,Thursday,9,28
Bank,General,44,11,24,40,Friday,10,60
Government Office,Emergency,105,11,1,15,Tuesday,18,31
Government Office,General,17,14,4,22,Saturday,8,5
Hospital,Loan Department,84,11,18,31,Saturday,8,47
Hospital,Cardiology,37,5,7,37,Saturday,19,33
Bank,General,89,9,9,27,Friday,16,64
Bank,Cardiology,37,4,24,30,Friday,18,55
Government Office,Emergency,90,2,3,22,Friday,18,50
Government Office,Cardiology,119,10,9,26,Wednesday,16,72
Bank,Loan Department,119,8,20,52,Friday,17,92
Hospital,Cardiology,100,2,22,29,Wednesday,15,110
Hospital,General,82,1,12,7,Thursday,15,76
Hospital,Customer Service,96,6,18,19,Monday,12,90
Hospital,Customer Service,9,2,24,14,Friday,11,46
Government Office,Customer Service,16,6,2,31,Monday,15,18
Hospital,Customer Service,82,6,22,35,Tuesday,8,79
Hospital,Customer Service,80,3,17,25,Wednesday,20,70
Government Office,Cardiology,42,9,9,51,Wednesday,20,36
Bank,Cardiology,27,14,10,11,Thursday,16,21
Hospital,Cardiology,50,6,4,9,Wednesday,9,24
Bank,Customer Service,87,3,5,32,Friday,20,70
Government Office,Loan Department,34,3,0,46,Thursday,8,18
Hospital,Loan Department,73,9,18,46,Thursday,10,60
Bank,Customer Service,106,9,4,50,Friday,8,49
Government Office,Loan Department,38,5,0,29,Wednesday,17,25
Government Office,Loan Department,77,14,2,19,Saturday,13,21
Hospital,Customer Service,113,6,19,53,Thursday,11,86
Bank,Cardiology,101,1,6,26,Thursday,20,71
Bank,Emergency,114,5,24,21,Monday,12,108
Hospital,Emergency,54,12,18,56,Friday,17,51
Bank,Cardiology,44,13,17,28,Saturday,14,48
Hospital,Loan Department,58,8,20,48,Wednesday,8,56
Hospital,Customer Service,83,5,23,54,Thursday,9,85
Hospital,Customer Service,103,4,18,22,Friday,16,99
Hospital,Cardiology,34,8,0,28,Wednesday,11,5
Bank,General,33,13,3,49,Monday,13,31
Government Office,Cardiology,101,5,23,21,Wednesday,8,86
Bank,Loan Department,50,3,10,16,Saturday,19,40
Government Office,Loan Department,68,8,0,13,Tuesday,20,21
Government Office,Emergency,72,12,15,14,Wednesday,9,43
Hospital,Cardiology,72,6,22,9,Thursday,10,68
Government Office,Loan Department,18,5,10,32,Wednesday,10,20
Bank,Cardiology,40,8,21,42,Monday,12,65
Government Office,Customer Service,78,13,10,42,Wednesday,13,51
Bank,Emergency,37,11,15,39,Tuesday,9,29
Hospital,General,40,8,6,30,Tuesday,14,45
Government Office,Customer Service,85,5,12,8,Monday,16,68
Hospital,Cardiology,76,2,12,34,Friday,8,72
Government Office,Loan Department,84,14,15,42,Thursday,13,70
Hospital,Loan Department,72,2,5,30,Wednesday,13,72
Government Office,Customer Service,95,9,10,42,Monday,12,80
Hospital,Loan Department,19,10,23,45,Friday,12,67
Government Office,Cardiology,35,3,24,55,Saturday,15,81
Hospital,Emergency,14,9,18,19,Tuesday,11,26
Bank,Customer Service,102,10,18,53,Monday,10,75
Hospital,Customer Service,70,3,0,47,Saturday,8,43
Hospital,General,14,5,15,9,Friday,16,42
Bank,Loan Department,42,3,8,48,Tuesday,14,58
Bank,Loan Department,19,13,24,34,Saturday,17,37
Government Office,Customer Service,98,7,6,40,Wednesday,17,56
Hospital,Loan Department,92,7,3,49,Friday,10,50
Bank,Emergency,47,14,2,47,Saturday,11,8
Bank,Emergency,80,1,3,18,Saturday,10,47
Hospital,Cardiology,19,1,11,26,Thursday,15,43
Bank,Cardiology,94,14,11,54,Thursday,14,74
Hospital,Emergency,17,9,22,22,Monday,20,36
Bank,Loan Department,32,6,8,48,Monday,18,34
Bank,Customer Service,114,3,18,24,Friday,13,106
Hospital,General,79,13,23,21,Friday,16,79
Hospital,Loan Department,39,14,6,23,Wednesday,14,22
Hospital,Cardiology,38,10,16,45,Friday,10,37
Government Office,Loan Department,45,11,4,6,Friday,12,28
Hospital,General,115,9,18,46,Friday,13,97
Bank,Cardiology,58,13,6,11,Wednesday,15,31
Bank,Loan Department,19,12,15,10,Wednesday,11,23
Bank,Loan Department,72,10,12,23,Saturday,14,55
Hospital,General,14,9,11,39,Thursday,14,36
Bank,Emergency,80,3,14,44,Wednesday,15,91
Bank,Emergency,74,12,9,6,Saturday,19,36
Government Office,Customer Service,91,11,10,11,Wednesday,10,42
Government Office,Loan Department,81,3,16,36,Thursday,18,71
Hospital,Emergency,16,7,0,37,Wednesday,20,5
Government Office,Emergency,18,11,14,47,Wednesday,11,29
Bank,General,119,7,0,45,Monday,11,62
Bank,Loan Department,92,2,1,28,Saturday,20,38
Bank,Customer Service,75,9,11,39,Wednesday,20,52
Government Office,Cardiology,58,7,22,30,Friday,14,78
Government Office,Cardiology,53,2,20,31,Monday,10,59
Bank,Loan Department,61,6,17,20,Wednesday,10,53
Bank,Customer Service,47,8,21,14,Wednesday,15,49
Hospital,Loan Department,101,12,8,41,Monday,14,70
Government Office,Loan Department,91,11,19,23,Tuesday,15,89
Hospital,General,94,10,23,17,Tuesday,11,76
Hospital,Emergency,98,14,16,52,Monday,10,72
Hospital,Customer Service,28,6,22,35,Monday,20,63
Government Office,Loan Department,5,3,5,18,Monday,19,14
Bank,Emergency,42,1,19,42,Friday,14,86
Bank,Cardiology,59,11,18,37,Saturday,11,50
Hospital,Emergency,92,10,19,54,Saturday,11,68
Bank,Loan Department,20,2,6,51,Thursday,11,32
Bank,Cardiology,36,11,18,44,Tuesday,13,54
Hospital,General,16,12,20,23,Saturday,9,31
Government Office,Customer Service,111,1,15,40,Friday,16,108
Hospital,Emergency,57,7,4,36,Thursday,19,27
Hospital,Customer Service,105,7,5,34,Friday,18,51
Hospital,Loan Department,15,11,19,41,Friday,10,32
Bank,General,106,1,18,59,Wednesday,16,107
Government Office,Emergency,92,9,6,15,Friday,17,41
Hospital,Customer Service,53,14,8,7,Tuesday,16,28
Government Office,Customer Service,112,8,7,17,Monday,10,65
Bank,Customer Service,116,7,3,16,Wednesday,11,52
Hospital,Loan Department,10,12,10,57,Wednesday,9,17
Bank,General,86,8,24,43,Saturday,18,80
Bank,Emergency,45,4,22,25,Saturday,19,67
Hospital,General,55,9,12,30,Wednesday,12,56
Bank,Customer Service,77,9,13,19,Saturday,14,67
Government Office,Cardiology,110,14,20,27,Saturday,20,71
Government Office,General,42,12,23,17,Friday,10,47
Hospital,General,116,2,21,43,Monday,15,115
Hospital,Customer Service,35,11,17,47,Saturday,10,44
Government Office,General,72,2,18,17,Wednesday,16,85
Hospital,Customer Service,58,5,2,20,Monday,17,24
Bank,General,108,8,6,23,Thursday,17,51
Hospital,Customer Service,51,12,20,56,Friday,14,63
Bank,Loan Department,9,9,19,50,Monday,9,35
Hospital,Loan Department,86,11,15,25,Tuesday,20,52
Government Office,Cardiology,33,5,10,26,Tuesday,12,51
Government Office,Emergency,110,12,5,7,Friday,15,58
Bank,Emergency,49,2,1,19,Saturday,9,25
Hospital,Emergency,68,1,1,36,Wednesday,12,53
Bank,Customer Service,115,4,22,39,Tuesday,9,94
Government Office,Emergency,44,5,13,52,Saturday,12,68
Bank,General,108,2,18,31,Wednesday,13,99
Hospital,General,23,14,3,52,Thursday,17,14
Hospital,Loan Department,22,8,20,35,Thursday,14,57
Government Office,Cardiology,12,1,6,11,Tuesday,12,32
Hospital,Loan Department,23,1,10,51,Wednesday,15,58
Hospital,Cardiology,72,2,0,15,Friday,9,32
Bank,Customer Service,44,5,19,25,Tuesday,10,51
Hospital,General,81,6,19,7,Thursday,12,78
Bank,Loan Department,96,6,10,15,Tuesday,20,52
Government Office,Emergency,52,14,0,15,Thursday,8,9
Government Office,Emergency,69,2,8,17,Friday,20,41
Hospital,Customer Service,105,14,6,18,Monday,20,42
Government Office,Customer Service,38,3,4,40,Wednesday,13,54
Government Office,Emergency,71,4,0,38,Wednesday,15,62
Government Office,Loan Department,13,12,9,14,Saturday,20,5
Government Office,Cardiology,10,8,24,28,Monday,14,44
Hospital,Emergency,110,10,8,34,Thursday,12,68
Bank,General,75,9,7,29,Wednesday,10,33
Bank,Loan Department,69,14,15,52,Saturday,13,69
Hospital,Cardiology,26,8,0,17,Friday,19,5
Bank,Loan Department,22,2,12,26,Saturday,18,36
Bank,Emergency,90,4,16,55,Tuesday,9,78
Hospital,Loan Department,61,13,5,54,Saturday,17,31
Bank,General,78,7,10,39,Friday,15,73
Hospital,General,88,2,20,5,Saturday,15,86
Bank,Emergency,99,1,15,27,Monday,16,91
Hospital,Emergency,34,7,6,52,Thursday,13,51
Government Office,Emergency,16,12,19,56,Friday,9,35
Hospital,Customer Service,115,11,11,17,Saturday,20,55
Bank,Emergency,39,12,12,16,Wednesday,20,28
Hospital,Emergency,65,2,0,12,Wednesday,10,23
Hospital,Loan Department,53,9,5,32,Saturday,15,36
Bank,Cardiology,92,13,20,58,Friday,14,78
Government Office,Loan Department,118,14,10,32,Wednesday,14,70
Bank,Cardiology,28,5,1,55,Saturday,8,30
Government Office,Loan Department,25,5,6,30,Monday,15,40
Bank,Customer Service,84,14,4,36,Tuesday,20,33
Government Office,Cardiology,41,14,15,47,Friday,20,32
Hospital,General,67,12,14,48,Saturday,11,50
Government Office,Loan Department,24,13,22,10,Thursday,19,30
Hospital,Cardiology,78,11,0,20,Saturday,17,22
Bank,General,72,13,0,51,Tuesday,19,23
Government Office,General,118,13,14,6,Saturday,17,53
Hospital,Cardiology,94,11,9,5,Tuesday,14,55
Government Office,Loan Department,92,10,13,18,Monday,18,49
Bank,General,104,11,23,6,Thursday,19,63
Bank,Loan Department,55,14,18,11,Tuesday,14,50
Government Office,Customer Service,76,14,3,11,Saturday,12,33
Hospital,General,54,14,7,16,Thursday,14,30
Government Office,Cardiology,98,5,0,5,Monday,13,49
Bank,Emergency,66,4,16,15,Saturday,16,68
Government Office,Emergency,76,13,9,38,Thursday,18,37
Hospital,Emergency,50,13,15,21,Saturday,15,52
Hospital,General,102,9,4,12,Wednesday,17,31
Bank,General,56,14,24,46,Wednesday,20,57
Government Office,General,38,5,8,6,Monday,9,19
Hospital,Emergency,43,7,13,9,Tuesday,16,45
Hospital,Emergency,109,13,15,25,Monday,8,63
Bank,Customer Service,110,4,11,12,Monday,17,57
Hospital,General,85,8,11,19,Wednesday,15,72
Government Office,Cardiology,74,14,15,30,Wednesday,11,48
Hospital,Cardiology,95,4,21,41,Wednesday,13,103
Bank,Loan Department,43,3,12,18,Tuesday,10,41
Government Office,Emergency,32,14,24,50,Monday,14,68
Bank,Customer Service,32,2,16,56,Wednesday,16,67
Government Office,General,80,6,12,14,Monday,8,61
Bank,Cardiology,66,11,4,13,Monday,8,26
Government Office,Customer Service,34,11,22,8,Saturday,14,44
Hospital,General,47,9,6,20,Wednesday,12,44
Hospital,Emergency,73,6,18,5,Monday,16,67
Hospital,Cardiology,116,12,17,28,Saturday,18,60
Hospital,General,100,13,21,20,Tuesday,12,81
Hospital,Emergency,18,11,18,27,Friday,15,45
Bank,Cardiology,48,12,7,20,Friday,14,25
Bank,Loan Department,119,12,3,32,Wednesday,9,48
Hospital,Emergency,58,1,3,24,Tuesday,12,55
Government Office,General,60,8,21,13,Wednesday,17,52
Hospital,General,57,7,6,40,Tuesday,9,43
Government Office,Customer Service,24,14,10,35,Monday,20,10
Hospital,Loan Department,60,1,15,56,Saturday,10,74
Government Office,Customer Service,116,5,1,37,Wednesday,14,69
Bank,Customer Service,71,11,14,52,Monday,12,74
Bank,General,119,2,20,45,Tuesday,18,101
Bank,Loan Department,21,5,13,43,Thursday,12,58
Government Office,Loan Department,96,1,2,44,Saturday,16,70
Bank,Cardiology,14,2,2,48,Saturday,20,24
Bank,General,53,7,18,59,Thursday,9,56
Hospital,General,30,9,6,37,Friday,12,33
Government Office,Customer Service,87,13,19,24,Thursday,15,72
Bank,Loan Department,101,8,24,29,Wednesday,15,100
Hospital,Loan Department,8,4,8,19,Friday,12,36
Hospital,Customer Service,75,12,2,56,Monday,19,32
Government Office,General,82,13,23,48,Thursday,16,84
Government Office,Emergency,17,13,23,42,Monday,9,34
Bank,Customer Service,64,12,21,40,Thursday,19,59
Bank,Cardiology,38,1,3,42,Monday,9,30
Hospital,Loan Department,114,4,14,11,Friday,12,91
Hospital,General,88,1,20,21,Tuesday,9,88
Hospital,Customer Service,65,9,12,48,Tuesday,11,52
Government Office,Customer Service,11,8,22,18,Tuesday,12,51
Government Office,Emergency,25,13,13,14,Friday,11,8
Bank,Cardiology,90,13,24,18,Friday,18,63
Hospital,Customer Service,58,13,2,34,Saturday,9,10
Bank,Cardiology,119,7,14,5,Monday,11,73
Bank,General,24,1,16,9,Monday,13,47
Bank,General,112,4,24,8,Thursday,20,78
Government Office,General,25,5,5,28,Tuesday,14,31
Bank,Loan Department,80,14,17,16,Friday,13,57
Hospital,Loan Department,19,3,7,45,Tuesday,15,46
Government Office,Emergency,105,1,10,25,Thursday,10,66
Bank,Customer Service,69,7,14,21,Wednesday,11,47
Government Office,Customer Service,32,2,12,48,Monday,17,47
Government Office,Cardiology,17,6,24,51,Monday,12,69
Bank,General,67,14,10,8,Friday,13,28
Bank,Customer Service,115,12,8,36,Tuesday,8,58
Hospital,Emergency,101,9,0,7,Wednesday,15,43
Government Office,General,32,11,0,50,Tuesday,15,25
Government Office,Emergency,39,10,11,14,Tuesday,13,37
Hospital,Cardiology,102,8,21,49,Tuesday,13,108
Hospital,Emergency,95,3,21,5,Tuesday,10,74
Hospital,Loan Department,53,1,18,23,Tuesday,12,81
Government Office,Loan Department,27,1,8,50,Friday,8,45
Government Office,Cardiology,33,1,1,22,Thursday,15,38
Government Office,General,115,10,3,36,Monday,8,45
Hospital,Cardiology,111,5,8,9,Tuesday,17,58
Bank,Loan Department,106,8,16,28,Thursday,18,74
Government Office,General,37,9,10,23,Wednesday,14,38
Bank,Cardiology,46,13,2,26,Thursday,8,8
Government Office,Loan Department,89,9,6,6,Monday,10,25
Government Office,Customer Service,10,7,3,55,Saturday,14,26
Hospital,General,25,3,13,39,Tuesday,19,51
Government Office,Loan Department,20,3,6,6,Tuesday,18,15
Bank,Customer Service,62,1,5,55,Tuesday,8,60
Bank,General,22,8,12,37,Monday,19,19
Hospital,General,77,1,0,37,Thursday,17,46
Government Office,General,100,12,15,50,Wednesday,12,69
Government Office,Customer Service,14,14,6,40,Tuesday,14,23
Hospital,Loan Department,116,14,19,22,Saturday,11,67
Bank,Customer Service,52,4,5,7,Tuesday,11,18
Hospital,Cardiology,27,3,5,58,Thursday,15,56
Hospital,Emergency,89,13,23,19,Thursday,17,63
Hospital,Emergency,31,7,12,39,Thursday,13,51
Hospital,Customer Service,27,13,2,33,Tuesday,17,5
Government Office,Cardiology,117,6,10,42,Wednesday,11,70
Bank,Emergency,38,1,2,48,Monday,13,53
Hospital,General,78,5,8,25,Wednesday,17,53
Bank,Customer Service,14,6,10,8,Thursday,20,5
Hospital,General,56,2,9,39,Wednesday,8,47
Bank,Loan Department,107,1,7,36,Saturday,14,84
Government Office,Cardiology,115,11,13,15,Monday,12,75
Hospital,Loan Department,102,13,11,51,Tuesday,9,54
Hospital,General,12,8,16,9,Wednesday,18,30
Bank,Loan Department,42,2,4,10,Saturday,19,34
Hospital,Loan Department,94,3,11,45,Tuesday,20,77
Bank,General,21,1,22,33,Tuesday,8,64
Bank,General,49,2,2,49,Saturday,9,34
Hospital,Cardiology,81,3,3,23,Thursday,10,51
Government Office,Emergency,99,4,3,43,Tuesday,16,74
Hospital,Customer Service,62,11,15,9,Tuesday,14,47
Government Office,Emergency,29,13,18,11,Friday,15,39
Hospital,General,62,9,16,6,Thursday,19,45
Government Office,Customer Service,25,14,10,26,Thursday,10,15
Government Office,Loan Department,61,9,2,34,Saturday,20,15
Government Office,Customer Service,76,6,3,54,Friday,14,66
Government Office,Loan Department,111,13,3,17,Friday,14,51
Bank,Cardiology,97,11,19,15,Wednesday,19,55
Bank,Cardiology,30,5,13,20,Friday,8,31
Hospital,Loan Department,48,14,8,19,Tuesday,20,7
Hospital,Emergency,75,10,23,16,Saturday,16,81
Bank,Loan Department,39,11,22,57,Friday,10,53
Hospital,Loan Department,119,8,19,12,Saturday,11,65
Bank,General,74,5,20,49,Friday,16,88
Bank,Emergency,102,6,0,19,Saturday,10,38
Hospital,Emergency,94,1,10,51,Tuesday,12,100
Government Office,Customer Service,20,3,5,57,Wednesday,11,35
Government Office,Emergency,50,2,1,31,Monday,12,43
Bank,Emergency,54,9,2,40,Saturday,18,29
Government Office,Customer Service,9,10,15,29,Tuesday,11,24
Hospital,Cardiology,29,14,13,26,Thursday,19,22
Hospital,Customer Service,46,4,2,26,Thursday,13,44
Bank,Emergency,58,2,24,28,Tuesday,18,62
Hospital,Loan Department,59,9,9,25,Monday,11,32
Hospital,Customer Service,38,13,10,47,Monday,17,34
Government Office,Emergency,66,1,20,27,Tuesday,20,61
Hospital,Customer Service,77,8,0,25,Friday,16,45
Bank,Customer Service,78,4,3,33,Tuesday,10,48
Bank,Cardiology,50,5,14,51,Wednesday,11,53
Bank,Emergency,93,9,0,9,Saturday,11,32
Government Office,General,24,5,3,33,Thursday,16,29
Hospital,Cardiology,6,13,0,20,Saturday,9,5
Government Office,Emergency,115,14,10,46,Friday,10,60
Government Office,Emergency,93,1,13,28,Monday,10,71
Bank,Emergency,29,12,6,53,Thursday,18,17
Government Office,Customer Service,96,7,5,16,Saturday,13,61
Government Office,Loan Department,118,2,24,21,Thursday,16,105
Government Office,Cardiology,71,9,23,51,Saturday,16,86
Bank,Cardiology,112,7,7,30,Thursday,20,52
Hospital,General,110,14,20,51,Friday,18,72
Hospital,Emergency,75,8,9,55,Tuesday,14,64
Government Office,General,42,6,12,46,Tuesday,17,55
Government Office,Emergency,28,14,5,42,Thursday,19,12
Government Office,Customer Service,61,14,14,27,Monday,17,35
Bank,Emergency,40,9,0,12,Friday,15,16
Hospital,Loan Department,73,14,18,45,Friday,13,72
Government Office,Emergency,33,3,17,44,Tuesday,15,69
Hospital,Loan Department,101,10,18,41,Monday,16,97
Government Office,Emergency,71,4,3,15,Wednesday,9,33
Bank,General,84,9,10,10,Monday,16,60
Bank,General,53,11,11,26,Tuesday,18,35
Government Office,General,85,8,20,44,Friday,8,73
Hospital,Emergency,22,4,12,31,Thursday,17,40
Government Office,Cardiology,7,6,22,7,Friday,20,31
Bank,General,6,11,13,14,Saturday,8,5
Hospital,Emergency,11,10,10,42,Wednesday,17,21
Government Office,Customer Service,107,7,0,14,Wednesday,18,37
Hospital,General,92,3,2,59,Friday,15,78
Bank,General,10,9,9,54,Thursday,11,27
Bank,General,54,14,12,43,Thursday,8,30
Hospital,General,16,2,11,48,Saturday,11,44
Government Office,Customer Service,106,7,12,13,Thursday,10,52
Hospital,Cardiology,109,8,16,20,Saturday,12,83
Bank,General,42,4,12,52,Tuesday,19,51
Bank,Loan Department,102,6,2,14,Monday,16,57
Hospital,Emergency,101,6,6,51,Friday,17,63
Government Office,Customer Service,77,8,24,35,Saturday,9,77
Hospital,Customer Service,44,1,7,59,Tuesday,19,61
Bank,Cardiology,27,9,14,17,Saturday,19,29
Government Office,Loan Department,69,1,15,59,Monday,9,78
Bank,Loan Department,56,5,9,42,Saturday,12,63
Government Office,Cardiology,102,3,19,10,Monday,8,88
Bank,General,96,11,12,45,Wednesday,19,54
Hospital,Loan Department,61,6,1,12,Monday,9,21
Hospital,Loan Department,67,9,23,54,Saturday,17,79
Bank,Customer Service,17,9,24,56,Tuesday,16,62
Government Office,Loan Department,66,7,12,12,Thursday,19,38
Bank,General,57,13,16,51,Wednesday,20,42
Bank,Emergency,58,3,2,50,Monday,16,55
Hospital,Customer Service,22,12,16,27,Friday,15,43
Hospital,Loan Department,77,6,23,28,Friday,18,75
Hospital,Emergency,16,11,16,42,Monday,16,45
Hospital,Customer Service,12,10,24,51,Monday,19,58
Hospital,Customer Service,109,12,7,7,Tuesday,16,51
Hospital,Customer Service,86,14,2,21,Friday,12,38
Government Office,General,90,6,14,11,Saturday,10,56
Bank,Cardiology,52,9,19,41,Thursday,19,51
Government Office,General,9,7,5,26,Tuesday,11,5
Bank,Emergency,50,8,13,50,Monday,17,58
Bank,Cardiology,33,9,8,26,Saturday,8,20
Hospital,Customer Service,84,8,5,59,Friday,9,48
Bank,Loan Department,78,1,11,47,Thursday,8,68
Bank,Loan Department,21,4,22,11,Thursday,20,45
Hospital,Emergency,102,5,6,50,Saturday,13,84
Bank,Cardiology,58,12,13,14,Thursday,16,35
Hospital,General,82,13,5,36,Thursday,18,33
Hospital,Loan Department,115,8,4,7,Friday,14,58
Government Office,General,80,8,18,13,Wednesday,8,55
Government Office,Customer Service,82,12,17,46,Tuesday,19,59
Bank,General,93,13,21,27,Tuesday,17,67
Government Office,Customer Service,101,5,1,40,Tuesday,11,57
Bank,Customer Service,115,13,8,6,Wednesday,16,65
Government Office,Emergency,84,11,11,29,Monday,10,48
Bank,Cardiology,98,3,9,23,Saturday,9,66
Bank,Customer Service,84,13,15,54,Saturday,17,61
Bank,General,93,11,6,25,Friday,20,36
Hospital,Emergency,61,2,5,45,Saturday,14,52
Government Office,General,78,10,18,32,Wednesday,14,83
Hospital,Emergency,14,2,2,57,Tuesday,11,25
Government Office,Cardiology,79,10,12,23,Tuesday,20,51
Government Office,Customer Service,106,8,12,8,Thursday,19,58
Hospital,General,18,12,3,48,Friday,12,21
Bank,General,87,10,0,27,Wednesday,13,38
Bank,Emergency,53,3,6,29,Thursday,20,42
Government Office,Emergency,10,3,20,16,Tuesday,9,38
Bank,Emergency,12,7,14,47,Saturday,8,33
Government Office,Loan Department,114,11,8,9,Wednesday,9,45
Bank,General,7,6,7,22,Wednesday,8,5
Bank,Cardiology,52,4,19,35,Wednesday,16,74
Hospital,Emergency,75,11,9,55,Monday,17,47
Bank,General,13,6,16,13,Saturday,11,31
Government Office,Cardiology,14,5,23,52,Tuesday,9,47
Hospital,Customer Service,63,11,5,10,Friday,10,23
Hospital,Cardiology,71,8,23,45,Thursday,18,76
Government Office,Customer Service,39,6,24,21,Tuesday,15,73
Bank,General,110,11,15,31,Friday,13,90
Government Office,Cardiology,22,11,21,59,Tuesday,15,61
Hospital,Loan Department,38,8,0,52,Tuesday,10,18
Hospital,General,22,3,23,5,Wednesday,13,66
Government Office,Customer Service,77,5,13,8,Saturday,11,51
Hospital,Cardiology,92,8,19,21,Friday,15,78
Hospital,Customer Service,47,10,18,29,Thursday,9,50
Bank,Cardiology,114,11,8,11,Thursday,16,71
Bank,Customer Service,40,10,9,38,Saturday,15,42
Bank,Emergency,59,11,9,54,Tuesday,15,48
Hospital,General,68,2,12,35,Saturday,9,57
Hospital,Emergency,98,4,14,44,Saturday,17,82
Government Office,Loan Department,89,9,19,39,Monday,18,78
Bank,Emergency,83,8,16,20,Monday,17,54
Government Office,Customer Service,23,14,8,7,Monday,10,5
Bank,Emergency,93,12,3,15,Friday,11,27
Bank,Cardiology,21,4,21,10,Tuesday,15,55
Government Office,General,18,11,11,50,Friday,14,37
Hospital,Customer Service,59,10,14,30,Wednesday,13,65
Bank,Emergency,34,8,22,13,Thursday,8,42
Bank,Loan Department,26,14,15,33,Monday,14,36
Government Office,Cardiology,84,2,9,11,Wednesday,9,62
Government Office,Customer Service,13,7,23,20,Tuesday,19,34
Bank,Emergency,103,1,22,12,Wednesday,17,79
Hospital,Cardiology,100,13,2,12,Thursday,17,29
Hospital,Cardiology,6,14,18,53,Friday,18,26
Bank,General,109,6,5,47,Tuesday,17,57
Government Office,Customer Service,35,14,22,16,Tuesday,9,37
Bank,Loan Department,22,13,14,20,Thursday,12,22
Hospital,General,16,1,0,26,Wednesday,11,10
Government Office,Customer Service,31,10,18,52,Monday,8,52
Bank,Customer Service,38,8,5,58,Friday,16,47
Bank,Loan Department,58,8,3,9,Friday,11,17
Hospital,Customer Service,74,13,3,49,Thursday,14,45
Hospital,Customer Service,44,7,4,7,Thursday,12,36
Bank,Emergency,85,13,22,17,Friday,18,57
Government Office,Loan Department,28,13,22,45,Thursday,19,35
Hospital,Cardiology,7,14,10,14,Saturday,18,5
Hospital,General,82,1,1,6,Thursday,20,30
Government Office,Customer Service,109,8,3,38,Tuesday,14,71
Bank,Loan Department,81,12,18,45,Wednesday,15,73
Hospital,Emergency,55,10,11,18,Monday,17,28
Bank,Customer Service,18,6,13,16,Saturday,13,40
Hospital,Loan Department,58,10,11,12,Saturday,18,39
Government Office,Cardiology,109,13,19,21,Wednesday,15,76
Hospital,General,21,7,0,56,Monday,10,11
Bank,Cardiology,102,11,13,37,Wednesday,20,64
Hospital,General,41,7,18,50,Saturday,20,52
Government Office,General,57,8,1,54,Monday,12,58
Bank,Loan Department,77,11,9,30,Saturday,19,46
Hospital,Emergency,62,13,16,52,Saturday,11,42
Hospital,Emergency,75,1,0,54,Tuesday,9,50
Bank,Emergency,32,3,5,49,Tuesday,13,50
Bank,General,11,8,3,5,Monday,14,9
Government Office,Cardiology,104,8,5,49,Monday,10,57
Bank,General,105,13,24,14,Wednesday,20,69
Hospital,Emergency,110,10,2,21,Tuesday,11,40
Hospital,Loan Department,97,1,17,45,Friday,16,108
Hospital,General,119,12,15,39,Thursday,9,60
Government Office,Emergency,81,3,9,58,Tuesday,12,84
Government Office,General,106,6,21,17,Tuesday,9,71
Government Office,General,107,13,14,16,Thursday,12,62
Bank,Customer Service,7,2,21,44,Monday,16,62
Hospital,Customer Service,72,2,24,30,Wednesday,9,79
Government Office,Customer Service,98,13,20,48,Tuesday,9,79
Government Office,Cardiology,48,7,0,6,Saturday,12,32
Bank,Loan Department,20,4,15,10,Monday,9,28
Hospital,Cardiology,112,7,9,41,Wednesday,20,62
Hospital,Cardiology,10,6,16,42,Monday,13,45
Hospital,Customer Service,41,7,16,53,Tuesday,8,54
Hospital,Customer Service,67,7,21,25,Tuesday,13,86
Government Office,General,65,14,15,7,Thursday,13,46
Government Office,Emergency,46,10,22,7,Wednesday,19,39
Government Office,Cardiology,71,9,4,11,Tuesday,8,24
Hospital,General,26,10,19,34,Tuesday,18,30
Hospital,General,87,14,24,59,Monday,8,76
Government Office,Customer Service,18,13,12,42,Thursday,8,19
Government Office,Loan Department,70,10,7,10,Tuesday,14,43
Hospital,General,42,11,2,52,Friday,13,41
Hospital,Emergency,28,6,1,51,Monday,12,35
Government Office,Emergency,96,1,1,20,Tuesday,11,46
Hospital,Loan Department,11,2,5,54,Saturday,11,24
Bank,Loan Department,97,4,13,9,Tuesday,16,76
Bank,Loan Department,107,8,14,23,Thursday,16,82
Government Office,Emergency,86,14,5,29,Saturday,11,24
Bank,General,5,8,0,5,Wednesday,9,5
Bank,Cardiology,95,10,17,16,Saturday,16,80
Bank,Emergency,117,1,7,46,Saturday,19,79
Bank,Emergency,61,2,2,38,Tuesday,16,58
Hospital,Emergency,35,7,11,58,Thursday,13,51
Hospital,Emergency,118,2,10,48,Monday,19,81
Hospital,Loan Department,63,11,23,42,Friday,12,82
Bank,Cardiology,13,12,9,50,Monday,11,15
Bank,Emergency,37,5,15,41,Wednesday,12,63
Government Office,General,57,2,9,51,Saturday,13,65
Hospital,Cardiology,15,10,18,49,Monday,15,47
Hospital,Customer Service,20,7,11,33,Saturday,10,24
Hospital,Cardiology,117,1,20,34,Monday,15,121
Hospital,Emergency,55,8,18,40,Monday,18,54
Government Office,Loan Department,59,3,3,52,Saturday,17,38
Bank,Emergency,61,1,5,39,Monday,19,43
Bank,Customer Service,60,4,7,24,Thursday,11,49
Government Office,Loan Department,102,7,9,27,Monday,17,59
Government Office,Loan Department,117,8,12,33,Monday,10,65
Bank,Emergency,14,7,9,28,Saturday,18,18
Government Office,Customer Service,18,3,12,38,Wednesday,8,37
Government Office,Customer Service,83,8,5,30,Monday,17,41
Hospital,Cardiology,36,11,21,38,Friday,16,61
Bank,Cardiology,41,2,11,8,Thursday,9,39
Government Office,Cardiology,31,3,4,10,Friday,18,26
Bank,Customer Service,114,4,19,59,Wednesday,16,111
Hospital,Cardiology,19,10,9,15,Tuesday,19,10
Bank,General,62,10,7,25,Wednesday,18,36
Hospital,Cardiology,76,1,5,17,Tuesday,12,55
Hospital,Customer Service,21,9,11,26,Tuesday,17,31
Government Office,General,56,10,11,58,Monday,10,42
Bank,Cardiology,7,2,7,14,Saturday,12,29
Government Office,General,68,10,10,13,Monday,16,51
Hospital,Emergency,89,1,11,15,Thursday,8,65
Bank,Emergency,50,11,10,11,Wednesday,8,19
Government Office,Emergency,51,10,7,46,Wednesday,11,30
Hospital,Cardiology,39,4,13,45,Saturday,10,54
Bank,Customer Service,76,11,7,48,Wednesday,13,68
Government Office,Cardiology,67,7,3,52,Friday,17,42
Hospital,Loan Department,117,1,24,28,Tuesday,13,120
Government Office,Loan Department,81,1,13,38,Wednesday,13,85
Hospital,Customer Service,6,12,1,26,Tuesday,10,5
Bank,Loan Department,8,1,5,43,Wednesday,14,38
Bank,General,35,14,3,30,Monday,19,8
Government Office,Loan Department,9,3,9,22,Friday,19,14
Hospital,Customer Service,41,8,21,26,Friday,12,69
Government Office,General,56,1,18,49,Thursday,13,87
Bank,General,25,10,16,9,Friday,13,36
Government Office,Emergency,21,4,21,11,Tuesday,9,41
Government Office,Customer Service,77,3,18,13,Saturday,18,67
Bank,Loan Department,99,4,16,52,Friday,14,101
Government Office,Customer Service,55,8,4,30,Saturday,12,38
Hospital,Loan Department,10,2,23,36,Wednesday,17,55
Hospital,Customer Service,106,2,23,9,Tuesday,13,106
Government Office,Cardiology,15,8,13,49,Monday,18,35
Hospital,General,89,7,4,42,Tuesday,10,49
Hospital,Cardiology,44,5,21,53,Monday,9,63
Bank,Loan Department,62,5,11,49,Thursday,9,57
Hospital,Emergency,8,10,0,47,Tuesday,8,6
Government Office,Emergency,55,14,17,24,Saturday,14,57
Government Office,Emergency,27,9,11,39,Saturday,14,41
Hospital,General,91,10,4,27,Wednesday,14,51
Hospital,Loan Department,32,14,18,53,Tuesday,14,63
Hospital,General,89,10,18,54,Friday,15,87
Bank,Customer Service,40,10,0,40,Tuesday,10,18
Hospital,Customer Service,104,14,13,25,Saturday,18,48
Hospital,General,13,2,24,30,Wednesday,13,72
Government Office,General,67,6,3,52,Wednesday,16,57
Bank,Customer Service,20,5,23,26,Saturday,9,41
Government Office,Customer Service,85,7,17,49,Thursday,9,68
Government Office,Emergency,78,1,1,53,Monday,11,54
Government Office,Customer Service,34,4,9,11,Wednesday,19,30
Government Office,Customer Service,54,6,5,11,Friday,17,32
Government Office,Cardiology,6,5,0,15,Wednesday,18,5
Bank,Customer Service,84,6,2,56,Friday,9,52
Hospital,Customer Service,30,5,0,15,Friday,20,8
Hospital,Emergency,45,5,1,17,Friday,12,28
Hospital,Customer Service,18,5,23,46,Friday,19,55
Government Office,Cardiology,70,4,11,15,Saturday,11,43
Hospital,Emergency,10,10,21,57,Friday,18,49
Hospital,Emergency,37,13,20,58,Friday,13,61
Hospital,Cardiology,50,4,21,56,Monday,13,91
Bank,Emergency,108,11,14,35,Friday,19,53
Bank,Cardiology,60,1,5,29,Saturday,13,62
Hospital,Customer Service,62,10,17,15,Saturday,20,44
Hospital,Customer Service,5,7,3,36,Wednesday,13,10
Hospital,Cardiology,19,6,24,53,Tuesday,16,70
Government Office,General,77,14,2,37,Saturday,11,22
Bank,General,47,1,11,13,Monday,18,46
Government Office,Cardiology,96,13,23,49,Friday,20,78
Government Office,Customer Service,78,10,21,43,Wednesday,18,66
Government Office,General,78,10,24,57,Saturday,17,77
Government Office,Emergency,32,13,14,10,Thursday,15,30
Bank,General,106,1,1,59,Friday,18,63
Hospital,Customer Service,73,11,9,21,Tuesday,11,40
Hospital,General,34,3,18,41,Thursday,11,60
Bank,General,108,5,11,18,Tuesday,10,69
Bank,General,11,8,6,34,Monday,19,24
Bank,Customer Service,92,6,18,8,Friday,9,66
Hospital,Emergency,63,10,5,30,Saturday,10,34
Government Office,General,55,6,10,56,Thursday,19,40
Government Office,General,118,14,3,16,Saturday,18,30
Hospital,Customer Service,27,5,7,43,Saturday,11,29
Government Office,Customer Service,21,10,2,25,Saturday,16,18
Bank,Loan Department,76,14,6,20,Saturday,16,44
Government Office,Emergency,50,5,12,8,Saturday,11,32
Bank,Customer Service,99,4,10,54,Friday,11,70
Government Office,General,101,6,3,22,Friday,19,47
Government Office,General,43,6,14,51,Wednesday,10,43
Government Office,Loan Department,17,7,23,25,Saturday,8,46
Bank,General,47,4,6,16,Tuesday,20,30
Bank,Loan Department,18,3,15,35,Friday,13,59
Hospital,Emergency,105,9,23,39,Wednesday,11,83
Government Office,Customer Service,34,12,22,11,Thursday,17,29
Hospital,Cardiology,87,7,11,26,Wednesday,9,46
Government Office,Cardiology,58,12,19,36,Saturday,15,62
Hospital,Emergency,46,9,22,9,Tuesday,20,47
Hospital,Cardiology,61,11,24,46,Tuesday,14,70
Hospital,Cardiology,11,5,14,55,Monday,12,54
Hospital,Emergency,26,2,2,17,Friday,18,14
Government Office,Emergency,64,10,14,42,Friday,18,51
Bank,Emergency,108,6,2,18,Thursday,18,43
Hospital,Customer Service,65,6,0,50,Wednesday,9,32
Bank,Cardiology,102,11,13,41,Tuesday,16,74
Government Office,General,75,9,13,52,Friday,16,74
Bank,Loan Department,89,6,16,5,Monday,17,68
Government Office,Emergency,63,14,3,31,Tuesday,9,10
Bank,Customer Service,40,5,8,32,Saturday,20,26
Government Office,Emergency,40,8,2,49,Monday,10,30
Bank,Cardiology,37,7,22,10,Saturday,17,52
Government Office,Emergency,71,3,15,46,Tuesday,13,95
Bank,Emergency,96,11,9,43,Friday,20,58
Bank,Cardiology,42,8,0,21,Tuesday,15,16
Bank,Emergency,96,9,10,56,Thursday,20,67
Bank,Loan Department,35,5,12,59,Thursday,16,67
Hospital,Emergency,50,6,8,29,Tuesday,15,49
Hospital,Cardiology,85,6,3,40,Tuesday,15,57
Government Office,General,34,10,2,56,Wednesday,8,16
Bank,General,58,1,0,22,Friday,11,33
Hospital,Emergency,93,7,20,26,Saturday,18,74
Bank,Customer Service,29,1,24,58,Tuesday,17,74
Government Office,Loan Department,20,1,22,35,Tuesday,12,76
Government Office,Emergency,44,11,20,6,Tuesday,20,30
Government Office,Customer Service,8,11,8,40,Monday,16,27
Hospital,General,67,11,2,22,Friday,10,21
Government Office,General,28,2,1,6,Monday,18,17
Hospital,Emergency,27,6,11,47,Thursday,17,40
Bank,Loan Department,106,2,1,20,Monday,14,75
Government Office,Customer Service,108,14,6,37,Monday,9,46
Government Office,General,22,4,16,15,Thursday,14,51
Bank,Loan Department,24,11,14,50,Wednesday,18,41
Bank,Loan Department,110,12,15,39,Friday,19,66
Hospital,Loan Department,95,6,21,28,Wednesday,15,104
Hospital,Emergency,18,9,3,40,Tuesday,8,8
Hospital,Cardiology,7,5,0,58,Thursday,16,36
Government Office,Cardiology,14,2,15,44,Friday,19,48
Hospital,Emergency,19,11,11,38,Friday,20,19
Government Office,Emergency,119,1,15,15,Tuesday,13,100
Bank,Customer Service,40,2,22,30,Wednesday,13,83
Hospital,Customer Service,58,6,24,38,Thursday,12,90
Hospital,Emergency,26,9,19,33,Monday,19,38
Bank,General,59,1,4,56,Thursday,13,70
Government Office,General,17,10,14,19,Monday,20,26
Government Office,Cardiology,17,11,3,51,Friday,18,23
Government Office,Cardiology,93,11,17,52,Friday,13,85
Bank,General,111,3,10,14,Friday,13,83
Bank,Customer Service,83,13,22,44,Wednesday,14,86
Government Office,Cardiology,55,9,14,36,Wednesday,20,44
Bank,General,108,8,13,9,Tuesday,13,81
Hospital,General,32,13,17,46,Friday,9,36
Hospital,General,54,3,1,8,Wednesday,8,20
Government Office,Customer Service,38,7,14,23,Thursday,19,38
Government Office,Loan Department,60,4,13,40,Saturday,17,48
Bank,Customer Service,75,10,10,22,Saturday,8,33
Bank,Emergency,114,14,5,35,Wednesday,19,45
Government Office,Customer Service,64,12,3,56,Wednesday,8,24
Government Office,Loan Department,28,10,6,14,Thursday,20,6
Hospital,Customer Service,45,6,17,21,Wednesday,9,45
Hospital,Customer Service,69,1,3,40,Tuesday,18,64
Government Office,Cardiology,32,1,2,55,Friday,19,31
Hospital,Loan Department,118,6,19,10,Monday,15,94
Government Office,General,53,3,16,58,Wednesday,16,90
Government Office,Emergency,36,3,13,53,Wednesday,19,53
Bank,Loan Department,92,14,1,12,Saturday,19,12
Bank,General,25,8,15,14,Friday,19,28
Hospital,General,100,14,10,42,Friday,11,45
Government Office,Customer Service,45,9,2,59,Monday,11,32
Bank,General,112,5,9,32,Thursday,12,78
Hospital,Customer Service,17,14,7,12,Monday,14,6
Hospital,Cardiology,69,1,23,52,Wednesday,10,81
Hospital,Cardiology,93,2,24,18,Monday,8,83
Government Office,Emergency,107,9,5,41,Thursday,13,75
Government Office,Cardiology,22,8,16,31,Thursday,9,30
Hospital,Cardiology,116,12,14,19,Tuesday,14,76
Government Office,Cardiology,70,3,18,24,Saturday,18,64
Bank,General,51,12,6,43,Tuesday,8,27
Bank,Cardiology,88,13,10,53,Monday,18,38
Bank,Cardiology,91,14,6,14,Wednesday,9,35
Hospital,Emergency,51,12,9,35,Wednesday,12,45
Hospital,General,12,2,16,27,Wednesday,18,44
Bank,Emergency,57,12,12,33,Tuesday,13,56
Bank,Customer Service,22,2,24,53,Friday,20,59
Government Office,General,49,13,2,33,Monday,13,27
Bank,Emergency,100,11,10,50,Wednesday,18,60
Government Office,General,107,5,15,15,Monday,9,73
Bank,Loan Department,91,7,1,52,Monday,17,52
Government Office,Emergency,14,2,11,12,Friday,8,24
Hospital,General,92,3,5,6,Tuesday,11,43
Hospital,Customer Service,21,9,3,26,Saturday,10,5
Government Office,Customer Service,6,5,1,31,Saturday,18,5
Bank,Customer Service,75,6,3,18,Monday,12,47
Bank,Cardiology,69,3,22,52,Monday,16,87
Bank,Emergency,65,5,22,51,Wednesday,16,94
Bank,Emergency,108,12,14,19,Friday,9,58
Bank,Emergency,38,12,2,43,Monday,8,8
Hospital,Loan Department,34,4,14,43,Monday,12,64
Government Office,Cardiology,113,10,22,6,Thursday,10,74
Hospital,Cardiology,48,3,18,25,Tuesday,13,81
Bank,General,74,2,23,49,Tuesday,10,90
Government Office,Cardiology,18,3,10,18,Wednesday,20,21
Hospital,Emergency,88,12,1,20,Tuesday,17,19
Government Office,Cardiology,115,1,12,11,Monday,9,70
Bank,Cardiology,39,4,17,43,Saturday,8,54
Government Office,Loan Department,84,8,9,27,Saturday,19,44
Bank,Loan Department,118,7,10,54,Thursday,11,67
Bank,General,43,12,19,40,Monday,14,64
Hospital,General,57,2,8,14,Friday,17,43
Bank,Loan Department,61,1,6,8,Saturday,10,40
Government Office,Loan Department,52,14,9,19,Friday,14,30
Hospital,Cardiology,104,11,21,26,Monday,15,85
Bank,Emergency,113,2,19,10,Monday,8,81
Hospital,General,57,4,4,9,Monday,20,33
Government Office,Customer Service,44,10,6,16,Tuesday,17,21
Government Office,Loan Department,51,1,21,58,Friday,20,76
Hospital,Loan Department,31,8,5,15,Thursday,9,14
Government Office,Cardiology,75,6,14,57,Friday,12,86
Bank,Cardiology,72,3,12,37,Thursday,13,75
Bank,Cardiology,112,2,8,12,Tuesday,15,78
Hospital,Customer Service,109,4,24,38,Thursday,19,96
Government Office,Customer Service,44,7,23,48,Saturday,17,64
Government Office,Cardiology,66,9,11,52,Friday,8,52
Government Office,Emergency,113,2,19,11,Thursday,13,100
Bank,Cardiology,66,9,2,33,Saturday,8,24
Government Office,Emergency,39,4,4,5,Thursday,20,16
Bank,Emergency,46,13,9,17,Wednesday,16,36
Bank,Customer Service,72,14,16,32,Monday,16,65
Bank,General,81,9,2,41,Tuesday,12,52
Government Office,Customer Service,86,2,24,27,Tuesday,8,88
Government Office,Loan Department,54,9,18,46,Monday,15,65
Government Office,Emergency,113,12,10,52,Friday,16,80
Bank,Emergency,43,12,2,52,Saturday,11,18
Hospital,Loan Department,88,10,18,28,Wednesday,17,64
Government Office,Customer Service,86,11,8,23,Wednesday,18,35
Hospital,Customer Service,99,3,2,44,Tuesday,17,57
Hospital,Customer Service,33,6,19,5,Saturday,20,41
Bank,Emergency,11,11,10,40,Monday,10,12
Hospital,Customer Service,67,5,23,34,Thursday,11,67
Hospital,Loan Department,101,4,21,26,Friday,12,102
Hospital,Loan Department,65,5,4,58,Wednesday,16,70
Bank,General,84,11,20,7,Saturday,19,60
Hospital,Emergency,89,6,5,34,Monday,8,34
Hospital,Loan Department,6,8,6,31,Friday,10,10
Bank,Customer Service,113,6,14,16,Friday,15,79
Hospital,Customer Service,105,4,9,23,Saturday,17,69
Bank,General,34,14,24,28,Friday,9,40
Bank,General,55,5,6,11,Wednesday,10,30
Bank,Cardiology,14,1,10,59,Thursday,18,36
Bank,Emergency,6,3,18,23,Tuesday,20,29
Hospital,Loan Department,106,2,18,30,Thursday,9,81
Government Office,Emergency,96,3,10,12,Wednesday,13,78
Bank,Customer Service,54,1,18,55,Saturday,16,85
Bank,Loan Department,40,7,4,33,Wednesday,8,23
Hospital,General,82,10,19,6,Friday,13,66
Government Office,Loan Department,96,12,2,26,Monday,20,30
Hospital,Cardiology,5,14,4,25,Wednesday,14,5
Government Office,Customer Service,17,14,14,21,Thursday,8,17
Government Office,Customer Service,11,7,18,59,Thursday,19,39
Government Office,Loan Department,66,10,2,48,Monday,11,29
Hospital,Cardiology,32,12,16,42,Wednesday,14,50
Government Office,Cardiology,103,10,6,15,Wednesday,12,61
Government Office,General,105,11,7,17,Saturday,9,48
Bank,Customer Service,20,3,12,59,Monday,10,49
Hospital,Loan Department,27,4,10,54,Wednesday,13,46
Hospital,Cardiology,14,3,1,34,Tuesday,14,31
Bank,Customer Service,43,5,2,29,Friday,10,16
Hospital,Emergency,58,2,10,57,Thursday,14,84
Government Office,General,45,8,10,54,Friday,10,47
Hospital,Emergency,96,10,10,54,Monday,11,60
Government Office,Customer Service,65,3,6,43,Friday,14,55
Government Office,Emergency,20,8,2,56,Saturday,15,34
Government Office,Emergency,46,2,6,50,Tuesday,8,39
Bank,Customer Service,113,9,9,13,Saturday,14,66
Government Office,Cardiology,10,8,24,16,Friday,16,48
Bank,General,58,14,19,11,Friday,11,32
Government Office,Customer Service,108,14,7,6,Friday,15,43
Hospital,Customer Service,20,4,4,56,Monday,9,31
Bank,General,88,7,9,21,Friday,12,63
Government Office,General,85,12,14,30,Wednesday,20,45
Hospital,General,96,10,12,34,Thursday,19,61
Government Office,Emergency,68,5,6,58,Wednesday,13,65
Bank,Emergency,80,7,1,5,Tuesday,19,25
Hospital,Customer Service,11,3,21,7,Friday,19,48
Hospital,Cardiology,14,13,10,9,Wednesday,20,5
Government Office,Customer Service,59,6,0,37,Thursday,15,40
Bank,Emergency,79,2,23,14,Monday,15,90
Government Office,Customer Service,20,8,11,35,Thursday,12,35
Hospital,Loan Department,34,5,0,55,Saturday,13,44
Hospital,Emergency,67,1,17,16,Friday,12,85
Bank,General,77,12,19,13,Monday,12,63
Government Office,Loan Department,50,7,3,41,Monday,17,42
Bank,General,116,3,16,17,Monday,11,73
Government Office,Customer Service,85,5,5,14,Saturday,18,38
Government Office,Customer Service,101,14,20,46,Saturday,12,81
Government Office,Customer Service,8,7,13,50,Tuesday,18,24
Bank,General,38,1,20,26,Monday,9,63
Government Office,Customer Service,96,7,21,10,Friday,19,70
Bank,General,46,2,6,57,Tuesday,16,65
Hospital,Cardiology,11,1,18,16,Saturday,9,48
Bank,Customer Service,31,14,1,25,Saturday,16,6
Hospital,Customer Service,53,2,16,23,Wednesday,13,72
Hospital,Loan Department,92,4,5,16,Friday,15,68
Bank,Cardiology,102,3,23,46,Tuesday,18,102
Government Office,Cardiology,65,14,2,29,Friday,16,30
Hospital,General,12,5,10,46,Wednesday,19,25
Bank,Cardiology,95,7,8,48,Saturday,10,60
Bank,General,65,14,3,22,Wednesday,14,33
Bank,Loan Department,100,2,11,55,Wednesday,17,76
Hospital,Customer Service,82,2,8,48,Monday,13,85
Bank,Loan Department,102,3,6,43,Saturday,12,68
Bank,Emergency,36,14,18,28,Tuesday,10,28
Hospital,General,60,1,23,22,Saturday,15,78
Bank,Emergency,68,4,22,26,Monday,9,59
Bank,Customer Service,37,8,22,24,Thursday,14,59
Government Office,Customer Service,76,10,0,25,Monday,14,38
Bank,Customer Service,100,5,13,50,Thursday,16,91
Government Office,Cardiology,116,9,19,52,Tuesday,20,98
Bank,Cardiology,44,7,10,25,Saturday,11,39
Bank,General,50,13,10,39,Monday,17,25
Bank,Customer Service,96,3,1,57,Saturday,15,65
Government Office,Emergency,51,3,0,19,Saturday,13,43
Hospital,Loan Department,90,2,17,37,Saturday,11,87
Government Office,Cardiology,44,6,19,22,Monday,16,63
Bank,Cardiology,91,12,3,7,Thursday,15,46
Government Office,Customer Service,86,7,10,7,Friday,8,43
Bank,General,21,2,13,11,Friday,20,40
Hospital,General,16,8,15,45,Friday,19,43
Government Office,General,50,8,23,33,Thursday,9,60
Bank,General,54,2,4,47,Saturday,12,55
Government Office,General,103,1,24,54,Wednesday,20,114
Government Office,Cardiology,88,2,6,51,Thursday,9,60
Hospital,Emergency,78,1,10,38,Thursday,19,68
Bank,Cardiology,117,1,16,52,Friday,19,102
Bank,General,29,8,22,19,Thursday,11,45
Hospital,Cardiology,116,6,10,36,Saturday,20,60
Hospital,Cardiology,42,10,19,21,Thursday,20,35
Government Office,Loan Department,99,6,1,17,Wednesday,9,33
Government Office,Emergency,56,11,20,6,Monday,17,42
Government Office,General,85,9,9,9,Monday,11,46
Bank,General,119,4,19,52,Wednesday,15,116
Bank,Loan Department,87,8,3,13,Monday,11,38
Hospital,Cardiology,5,4,18,39,Saturday,8,40
Bank,Customer Service,78,2,23,5,Friday,17,70
Bank,Emergency,103,2,8,20,Tuesday,15,74
Hospital,Cardiology,56,7,15,11,Tuesday,20,48
Bank,Loan Department,93,6,15,17,Thursday,18,66
Government Office,Emergency,77,5,6,37,Friday,17,46
Government Office,General,96,10,3,20,Saturday,11,38
Hospital,General,59,3,24,12,Thursday,17,70
Bank,Emergency,65,2,17,16,Saturday,8,60
Government Office,General,15,13,2,31,Friday,19,5
Bank,Customer Service,108,3,16,29,Wednesday,16,104
Hospital,Loan Department,113,6,5,18,Thursday,10,50
Government Office,General,46,4,15,22,Thursday,18,48
Government Office,Customer Service,105,13,5,43,Tuesday,17,43
Bank,Customer Service,116,9,11,48,Tuesday,18,81
Bank,Emergency,20,13,5,33,Wednesday,12,23
Government Office,Cardiology,41,5,22,20,Thursday,16,68
Bank,Customer Service,14,12,13,22,Saturday,17,13
Hospital,Emergency,42,5,15,18,Tuesday,10,38
Bank,Customer Service,31,5,6,52,Thursday,14,54
Hospital,Customer Service,106,2,0,37,Friday,16,73
Hospital,Loan Department,42,4,11,22,Wednesday,13,54
Bank,Cardiology,39,3,7,58,Saturday,17,40
Government Office,Cardiology,21,9,10,17,Wednesday,11,17
Government Office,Customer Service,24,9,9,49,Friday,16,44
Bank,Cardiology,84,12,20,34,Tuesday,11,67
Government Office,Emergency,7,2,5,47,Monday,18,25
Hospital,Loan Department,49,5,17,36,Tuesday,18,46
Bank,Customer Service,115,4,19,56,Wednesday,9,100
Bank,General,17,10,15,29,Thursday,19,29
Government Office,Cardiology,33,14,5,24,Thursday,17,5
Hospital,Cardiology,35,8,11,40,Friday,15,51
Government Office,Customer Service,10,7,20,35,Saturday,17,34
Hospital,Loan Department,5,13,21,54,Friday,12,46
Hospital,General,67,9,2,34,Friday,14,30
Hospital,Cardiology,71,5,24,35,Thursday,11,72
Bank,Cardiology,76,10,1,32,Thursday,18,29
Hospital,Cardiology,43,5,6,25,Tuesday,9,27
Bank,Customer Service,42,8,0,15,Friday,19,6
Government Office,Loan Department,71,10,14,45,Thursday,8,65
Government Office,General,27,12,21,12,Friday,20,37
Bank,Emergency,10,1,17,42,Thursday,11,49
Government Office,Loan Department,85,9,21,11,Tuesday,18,67
Hospital,Cardiology,52,12,11,9,Tuesday,19,27
Hospital,Customer Service,82,6,6,59,Saturday,12,59
Government Office,General,49,9,15,40,Tuesday,13,58
Bank,Customer Service,113,13,18,16,Monday,9,64
Government Office,Cardiology,23,8,5,8,Tuesday,15,27
Bank,Loan Department,99,14,12,25,Saturday,14,61
Hospital,Emergency,51,4,20,21,Monday,17,54
Government Office,Emergency,92,6,24,39,Thursday,14,108
Bank,Emergency,5,1,2,23,Monday,18,8
Bank,Cardiology,56,6,11,44,Wednesday,12,62
Government Office,General,97,14,13,11,Thursday,8,44
Bank,Customer Service,25,4,21,44,Saturday,13,82
Hospital,Cardiology,79,10,14,31,Monday,9,47
Hospital,Cardiology,6,6,13,6,Saturday,17,16
Bank,Customer Service,113,1,9,58,Friday,17,88
Bank,Emergency,100,1,23,18,Friday,19,94
Bank,Cardiology,53,1,13,8,Saturday,20,41
Hospital,Customer Service,98,9,16,7,Tuesday,16,76
Hospital,Cardiology,91,3,16,37,Saturday,9,71
Government Office,General,40,1,6,38,Wednesday,10,33
Hospital,Emergency,95,12,7,17,Monday,14,45
Hospital,Customer Service,18,11,5,20,Tuesday,17,5
Government Office,Loan Department,80,2,17,50,Monday,20,77
Bank,Cardiology,58,2,2,33,Friday,9,45
Bank,Cardiology,60,1,14,56,Saturday,8,77
Bank,Customer Service,90,7,9,33,Saturday,17,63
Government Office,General,56,2,14,27,Saturday,13,73
Government Office,General,119,11,12,16,Monday,17,58
Bank,Customer Service,110,5,11,11,Tuesday,10,61
Government Office,General,6,9,9,42,Tuesday,16,30
Bank,General,105,3,4,44,Wednesday,11,57
Government Office,Emergency,114,8,21,35,Friday,15,98
Bank,General,15,10,22,34,Thursday,19,33
Bank,Loan Department,96,8,23,19,Monday,16,85
Government Office,Customer Service,26,13,1,46,Friday,9,5
Government Office,Loan Department,51,10,18,58,Saturday,11,63
Bank,Emergency,79,6,1,25,Monday,15,53
Government Office,Customer Service,17,6,24,58,Wednesday,18,54
Government Office,Loan Department,10,4,11,44,Thursday,12,43
Hospital,Emergency,54,12,10,56,Tuesday,16,49
Government Office,Emergency,35,1,22,54,Friday,16,92
Bank,Emergency,67,1,9,12,Monday,14,77
Bank,Cardiology,82,8,18,5,Saturday,10,58
Bank,General,28,4,23,34,Tuesday,16,75
Hospital,Cardiology,110,5,10,42,Wednesday,20,76
Hospital,Loan Department,107,3,6,50,Wednesday,11,78
Government Office,Emergency,5,2,17,40,Monday,18,33
Hospital,Loan Department,101,4,1,8,Thursday,20,46
Hospital,Customer Service,89,7,19,57,Saturday,8,79
Bank,Loan Department,71,7,14,11,Tuesday,9,31
Bank,Emergency,29,9,20,14,Saturday,14,47
Government Office,Cardiology,55,3,14,58,Saturday,18,59
Bank,Loan Department,107,9,0,39,Friday,14,66
Hospital,Customer Service,108,2,23,28,Tuesday,16,112
Government Office,Customer Service,29,4,5,29,Wednesday,20,21
Hospital,Customer Service,36,11,4,48,Saturday,18,17
Hospital,Emergency,20,3,10,15,Monday,16,37
Government Office,Loan Department,102,4,4,27,Wednesday,17,57
Bank,Emergency,92,8,20,33,Tuesday,19,67
Hospital,Emergency,27,1,7,46,Thursday,10,42
Government Office,Emergency,67,14,23,15,Tuesday,17,48
Government Office,Emergency,97,5,15,56,Wednesday,10,76
Hospital,Loan Department,85,4,21,15,Wednesday,14,83
Bank,Emergency,29,11,23,6,Saturday,19,30
Hospital,Loan Department,15,7,18,32,Tuesday,12,47
Bank,General,89,10,21,10,Tuesday,14,82
Hospital,General,108,9,1,47,Tuesday,11,56
Hospital,General,24,6,6,8,Saturday,19,27
Hospital,Customer Service,69,8,11,23,Monday,15,56
Government Office,General,66,10,7,47,Tuesday,12,55
Government Office,Customer Service,52,7,7,56,Monday,15,55
Bank,General,42,3,7,33,Thursday,15,48
Bank,General,53,10,2,54,Thursday,11,28
Hospital,Emergency,16,5,15,18,Wednesday,15,43
Government Office,Customer Service,5,1,21,19,Monday,11,51
Government Office,Loan Department,88,3,13,13,Friday,11,54
Hospital,Customer Service,49,1,16,54,Friday,18,75
Government Office,General,99,9,5,56,Wednesday,12,74
Bank,Customer Service,63,13,20,41,Saturday,8,52
Bank,Emergency,52,8,11,17,Friday,12,45
Hospital,Cardiology,93,3,8,33,Saturday,15,63
Bank,Cardiology,44,3,17,51,Wednesday,18,67
Bank,Customer Service,24,5,17,44,Friday,9,47
Hospital,Cardiology,23,7,16,33,Monday,8,44
Bank,Emergency,74,11,5,35,Thursday,14,47
Government Office,Cardiology,108,14,23,58,Tuesday,16,97
Government Office,Customer Service,29,7,17,24,Monday,11,40
Bank,General,22,10,7,37,Friday,12,21
Hospital,Customer Service,67,5,7,11,Tuesday,8,29
Hospital,General,54,12,7,44,Monday,16,39
Hospital,Customer Service,89,13,8,49,Monday,12,59
Government Office,Cardiology,45,8,23,20,Saturday,20,49
Bank,Emergency,17,5,22,42,Friday,15,65
Government Office,Cardiology,21,1,16,7,Friday,12,59
Government Office,Emergency,89,13,12,50,Friday,13,65
Government Office,Emergency,73,14,17,8,Monday,14,55
Bank,Cardiology,113,4,2,12,Thursday,11,50
Bank,Cardiology,44,9,16,51,Friday,11,45
Government Office,Emergency,42,1,17,16,Thursday,18,46
Government Office,General,95,1,14,51,Thursday,13,101
Bank,Emergency,71,12,6,41,Saturday,20,46
Government Office,Loan Department,35,10,0,37,Monday,19,11
Bank,Loan Department,93,7,12,55,Saturday,20,61
Hospital,Customer Service,58,3,3,32,Tuesday,19,40
Bank,Loan Department,103,4,16,57,Wednesday,19,78
Government Office,General,54,4,9,22,Tuesday,19,49
Hospital,Loan Department,99,9,5,58,Wednesday,20,59
Bank,Emergency,89,6,10,53,Saturday,14,70
Hospital,General,89,5,23,31,Thursday,19,89
Bank,Emergency,81,2,6,59,Tuesday,18,58
Bank,Customer Service,104,14,22,37,Tuesday,13,83
Government Office,Cardiology,7,13,3,5,Friday,11,5
Hospital,Emergency,97,9,6,17,Tuesday,18,47
Government Office,Emergency,6,1,17,11,Friday,13,46
Government Office,Customer Service,47,11,8,32,Monday,19,31
Bank,Emergency,43,1,10,6,Saturday,11,35
Hospital,Emergency,111,5,6,33,Monday,16,73
Bank,Emergency,28,9,4,42,Wednesday,8,18
Bank,Customer Service,24,2,14,46,Friday,15,55
Hospital,Customer Service,70,5,14,10,Saturday,15,71
Bank,Cardiology,47,3,8,39,Thursday,18,46
Government Office,Cardiology,47,14,1,43,Friday,10,7
Government Office,Loan Department,42,1,2,40,Tuesday,9,35
Government Office,Cardiology,39,13,21,47,Saturday,20,35
Bank,Loan Department,34,10,6,53,Thursday,15,36
Government Office,General,75,11,23,23,Wednesday,19,68
Government Office,Customer Service,119,11,5,14,Saturday,11,47
Government Office,Cardiology,99,9,1,14,Saturday,20,33
Government Office,Emergency,102,7,17,21,Thursday,11,75
Government Office,Emergency,57,2,7,32,Tuesday,18,41
Bank,Loan Department,103,5,13,48,Monday,13,94
Bank,Loan Department,49,13,16,28,Wednesday,20,39
Government Office,Loan Department,102,4,19,57,Monday,19,84
Hospital,Loan Department,103,1,5,21,Friday,19,63
Government Office,Loan Department,43,2,18,6,Thursday,14,64
Bank,Customer Service,33,13,23,28,Tuesday,13,52
Hospital,Loan Department,31,8,8,18,Friday,16,39
Government Office,Customer Service,93,11,11,26,Wednesday,20,44
Government Office,Cardiology,87,13,6,49,Tuesday,17,37
Hospital,General,74,3,5,32,Monday,17,48
Bank,Customer Service,81,1,7,41,Saturday,16,71
Hospital,Cardiology,21,9,12,17,Saturday,11,21
Bank,Emergency,82,9,6,28,Saturday,17,37
Bank,General,104,10,9,51,Friday,8,70
Government Office,Cardiology,11,12,19,42,Tuesday,12,50
Government Office,General,71,10,20,30,Thursday,13,74
Hospital,Cardiology,55,5,22,58,Monday,20,83
Government Office,Cardiology,5,5,20,32,Friday,9,37
Bank,Cardiology,87,1,19,56,Friday,13,107
Hospital,Customer Service,102,14,7,10,Wednesday,17,29
Hospital,Loan Department,48,11,18,28,Thursday,8,44
Bank,Customer Service,36,3,12,52,Wednesday,11,46
Bank,Customer Service,6,4,24,8,Saturday,11,40
Government Office,Loan Department,100,1,0,37,Saturday,19,59
Bank,Customer Service,36,6,24,21,Wednesday,13,67
Hospital,Loan Department,113,8,23,16,Tuesday,17,79
Government Office,Cardiology,89,10,19,32,Saturday,20,59
Bank,Emergency,77,5,17,38,Thursday,8,69
Bank,Customer Service,118,7,15,33,Wednesday,12,86
Government Office,Customer Service,86,11,21,12,Monday,8,63
Bank,Customer Service,19,3,22,57,Saturday,18,57
Government Office,Customer Service,89,12,12,38,Friday,20,52
Hospital,Customer Service,44,6,20,32,Thursday,12,64
Government Office,Customer Service,27,8,18,57,Thursday,10,48
Bank,Customer Service,24,12,19,32,Tuesday,19,16
Hospital,Loan Department,76,3,20,52,Wednesday,20,84
Government Office,General,45,9,1,13,Tuesday,11,15
Government Office,Loan Department,86,11,12,42,Tuesday,16,74
Government Office,Emergency,19,9,5,15,Friday,14,23
Government Office,Customer Service,98,4,16,40,Monday,18,81
Bank,Cardiology,18,2,17,41,Wednesday,10,52
Bank,Emergency,49,8,23,50,Thursday,20,59
Government Office,Customer Service,78,7,4,54,Thursday,13,66
Bank,General,18,12,1,32,Saturday,15,14
Hospital,General,33,4,6,8,Friday,10,16
Bank,Emergency,21,1,19,18,Monday,16,65
Bank,Emergency,49,5,16,51,Tuesday,11,54
Hospital,Cardiology,47,4,19,15,Saturday,9,51
Government Office,Emergency,101,6,3,31,Tuesday,8,44
Hospital,Customer Service,37,9,11,47,Thursday,11,40
Bank,General,71,14,14,37,Tuesday,8,45
Hospital,Customer Service,90,1,14,39,Monday,17,79
Hospital,Emergency,76,8,13,22,Thursday,18,51
Bank,Cardiology,98,1,1,48,Saturday,14,71
Government Office,Cardiology,75,6,5,26,Saturday,12,60
Government Office,Customer Service,105,10,6,7,Saturday,15,56
Government Office,General,71,1,0,23,Thursday,13,59
Bank,Loan Department,66,2,24,35,Thursday,11,83
Hospital,Cardiology,56,5,19,45,Saturday,10,64
Bank,General,43,13,3,36,Saturday,18,16
Bank,Emergency,85,8,13,32,Monday,18,56
Hospital,General,51,6,20,29,Thursday,20,55
Government Office,Loan Department,109,2,4,47,Wednesday,20,78
Bank,Loan Department,85,7,19,25,Monday,9,67
Hospital,Emergency,56,8,18,16,Wednesday,15,59
Bank,General,15,5,2,48,Tuesday,19,22
Government Office,General,35,12,7,29,Thursday,10,10
Government Office,Loan Department,48,2,2,16,Thursday,20,22
Hospital,Customer Service,70,14,13,8,Tuesday,14,39
Government Office,Loan Department,115,5,23,53,Wednesday,8,109
Government Office,Loan Department,102,5,17,33,Friday,18,88
Government Office,Emergency,52,4,22,46,Saturday,12,77
Bank,Cardiology,52,14,6,16,Thursday,11,14
Bank,Cardiology,85,9,7,27,Tuesday,10,41
Bank,Emergency,119,13,13,7,Tuesday,17,56
Government Office,Customer Service,94,13,13,35,Thursday,11,53
Government Office,Cardiology,50,8,10,46,Wednesday,16,57
Hospital,Emergency,104,4,11,54,Thursday,9,78
Hospital,Cardiology,35,1,21,17,Wednesday,14,64
Government Office,Customer Service,7,13,2,19,Thursday,20,5
Bank,Cardiology,113,13,14,55,Wednesday,11,64
Hospital,Emergency,100,3,19,6,Friday,14,85
Hospital,Cardiology,52,10,16,34,Tuesday,8,44
Bank,General,118,3,13,57,Tuesday,10,89
Bank,Cardiology,85,11,5,55,Thursday,18,48
Bank,General,107,6,10,11,Monday,20,55
Bank,Loan Department,119,7,14,50,Friday,10,85
Hospital,Customer Service,103,11,20,24,Saturday,20,70
Hospital,Customer Service,67,3,19,51,Thursday,10,77
Hospital,General,26,14,6,37,Friday,20,5
Hospital,General,69,10,13,34,Tuesday,8,48
Government Office,Customer Service,96,5,0,30,Monday,13,64
Hospital,General,29,13,8,35,Monday,19,10
Hospital,Loan Department,71,1,18,38,Friday,13,92
Government Office,Customer Service,89,14,9,57,Monday,12,61
Bank,General,97,8,7,43,Tuesday,14,73
Hospital,Customer Service,117,6,8,55,Wednesday,9,82
Government Office,Emergency,45,14,24,43,Monday,12,67
Bank,Loan Department,56,1,3,58,Friday,9,53
Government Office,Loan Department,9,9,1,38,Thursday,13,17
Bank,Loan Department,88,12,20,23,Wednesday,8,60
Bank,Cardiology,34,5,9,10,Wednesday,10,20
Bank,Cardiology,5,2,18,58,Saturday,19,50
Bank,Customer Service,40,9,5,48,Wednesday,11,22
Government Office,Emergency,45,6,23,49,Saturday,10,62
Hospital,Cardiology,101,2,21,39,Monday,20,94
Government Office,General,10,5,16,35,Tuesday,16,52
Bank,Customer Service,63,1,6,58,Monday,8,61
Hospital,Emergency,111,14,12,31,Thursday,11,58
Hospital,General,31,8,20,56,Friday,15,68
Hospital,Cardiology,61,9,10,35,Thursday,10,46
Bank,Cardiology,46,14,15,31,Thursday,18,30
Bank,Loan Department,80,11,23,21,Saturday,9,64
Hospital,General,89,14,9,24,Thursday,11,45
Government Office,Customer Service,6,12,9,12,Tuesday,9,5
Hospital,Customer Service,14,11,13,30,Monday,10,10
Government Office,Emergency,8,7,10,28,Wednesday,17,15
Hospital,Customer Service,90,3,4,6,Wednesday,13,72
Hospital,Loan Department,47,6,8,40,Thursday,11,35
Government Office,Loan Department,66,6,8,30,Tuesday,18,27
Hospital,Emergency,18,7,13,13,Thursday,11,24
Bank,Cardiology,30,1,14,46,Monday,16,72
Bank,Cardiology,114,3,24,25,Saturday,20,99
Government Office,Emergency,58,1,0,49,Monday,19,44
Hospital,Emergency,15,8,13,49,Saturday,15,46
Bank,Loan Department,17,11,8,21,Wednesday,14,24
Government Office,General,33,5,19,24,Thursday,19,50
Hospital,Customer Service,28,11,6,37,Monday,15,32
Government Office,Emergency,98,5,18,55,Thursday,18,78
Bank,Loan Department,38,7,12,24,Thursday,11,33
Bank,Customer Service,90,9,15,44,Tuesday,9,63
Bank,Emergency,54,4,23,47,Tuesday,15,88
Hospital,General,59,2,14,37,Friday,13,71
Hospital,General,64,3,3,17,Saturday,13,58
Hospital,Customer Service,75,10,7,28,Friday,9,30
Government Office,Loan Department,9,14,21,26,Wednesday,9,22
Government Office,Customer Service,109,10,22,53,Monday,13,99
Hospital,General,82,4,1,39,Friday,8,48
Bank,Loan Department,87,13,17,19,Saturday,19,53
Bank,Customer Service,65,1,24,30,Wednesday,20,87
Government Office,Emergency,83,10,5,49,Thursday,11,42
Hospital,Loan Department,69,6,10,50,Wednesday,14,72
Hospital,General,95,10,12,11,Tuesday,10,58
Government Office,Emergency,114,3,18,27,Monday,15,103
Hospital,Emergency,50,6,14,17,Thursday,16,61
Hospital,Emergency,15,10,0,43,Monday,14,18
Bank,Emergency,41,7,23,49,Saturday,20,62
Bank,Loan Department,54,11,16,11,Tuesday,19,36
Government Office,Emergency,55,2,2,50,Wednesday,10,44
Hospital,Cardiology,93,4,21,53,Tuesday,13,105
Government Office,Cardiology,45,4,6,40,Saturday,10,40
Bank,Cardiology,91,2,9,10,Monday,18,51
Bank,Cardiology,37,7,23,30,Saturday,11,59
Hospital,General,14,5,23,15,Thursday,9,48
Government Office,Emergency,83,5,12,18,Friday,13,74
Bank,General,89,12,19,37,Thursday,18,55
Government Office,Customer Service,95,3,24,36,Saturday,14,108
Government Office,Loan Department,12,8,18,56,Monday,13,57
Government Office,Cardiology,6,11,4,8,Saturday,14,7
Government Office,Cardiology,49,13,14,38,Monday,16,45
Hospital,Cardiology,102,13,4,27,Saturday,12,51
Hospital,Cardiology,97,12,4,56,Saturday,13,60
Bank,General,110,2,2,49,Friday,8,72
Government Office,Emergency,39,10,7,36,Thursday,8,17
Government Office,Loan Department,52,11,4,21,Saturday,14,25
Hospital,Customer Service,8,7,13,9,Saturday,17,14
Government Office,Customer Service,116,5,3,37,Friday,9,73
Bank,Customer Service,46,12,18,8,Friday,19,27
Government Office,Customer Service,66,10,14,15,Monday,11,42
Bank,Emergency,104,6,7,17,Thursday,18,61
Bank,Customer Service,105,12,0,46,Friday,17,36
Government Office,Emergency,105,3,18,24,Monday,20,91
Government Office,Cardiology,117,14,11,49,Thursday,12,94
Hospital,Cardiology,82,5,21,34,Wednesday,12,93
Government Office,Cardiology,85,3,9,11,Friday,14,67
Government Office,Cardiology,32,12,21,35,Thursday,18,41
Bank,General,74,12,3,34,Wednesday,15,52
Hospital,Emergency,21,2,5,40,Wednesday,18,19
Government Office,Loan Department,84,1,9,11,Wednesday,18,53
Bank,General,80,1,12,16,Friday,17,61
Government Office,Cardiology,94,14,17,30,Tuesday,10,61
Hospital,Cardiology,73,4,5,54,Thursday,20,50
Hospital,Loan Department,81,11,2,53,Friday,8,40
Bank,Customer Service,29,10,15,25,Monday,9,24
Bank,Customer Service,48,3,14,20,Saturday,15,57
Government Office,General,24,2,21,16,Thursday,19,42
Hospital,Emergency,90,4,13,38,Wednesday,18,74
Hospital,Loan Department,114,6,11,43,Thursday,20,74
Government Office,Loan Department,47,8,18,35,Thursday,20,62
Hospital,Loan Department,86,10,20,46,Saturday,9,72
Bank,General,104,3,13,18,Monday,13,79
Bank,Customer Service,33,1,17,54,Friday,9,65
Bank,Emergency,75,11,13,46,Friday,11,53
Hospital,Customer Service,108,3,7,33,Monday,10,70
Bank,Loan Department,23,12,4,52,Monday,16,26
Bank,Loan Department,29,13,5,52,Thursday,17,17
Bank,Cardiology,59,1,19,46,Saturday,9,84
Bank,General,15,4,14,57,Saturday,20,53
Bank,Cardiology,91,11,17,52,Thursday,8,69
Government Office,Cardiology,19,13,10,49,Saturday,18,21
Government Office,Customer Service,15,1,0,15,Thursday,13,19
Bank,Customer Service,12,3,24,8,Wednesday,14,63
Government Office,General,86,1,13,40,Monday,8,80
Bank,General,82,7,11,26,Friday,17,49
Bank,Cardiology,40,12,12,36,Wednesday,18,22
Bank,Cardiology,11,11,10,21,Saturday,15,25
Bank,Loan Department,21,8,18,9,Friday,13,50
Hospital,Cardiology,87,14,9,35,Monday,14,59
Hospital,Emergency,14,11,2,17,Wednesday,14,5
Bank,Emergency,40,3,14,8,Monday,9,44
Government Office,Loan Department,32,14,4,48,Wednesday,13,23
Bank,General,39,7,11,19,Tuesday,14,42
Bank,Emergency,33,6,2,32,Monday,15,34
Bank,Customer Service,45,8,15,58,Tuesday,12,61
Bank,Loan Department,93,10,9,10,Thursday,18,44
Government Office,General,112,4,4,38,Friday,16,60
Government Office,Emergency,80,2,16,6,Saturday,9,73
Bank,Customer Service,74,13,22,43,Monday,11,60
Bank,Emergency,50,11,11,23,Wednesday,12,48
Hospital,Customer Service,92,10,6,34,Wednesday,8,45
Bank,Loan Department,92,7,0,14,Monday,16,50
Government Office,Emergency,106,10,14,19,Tuesday,20,58
Hospital,Customer Service,93,4,16,58,Saturday,11,82
Bank,General,94,3,4,52,Saturday,11,57
Bank,Customer Service,50,8,5,41,Thursday,15,41
Government Office,Customer Service,117,2,10,40,Thursday,12,96
Bank,Loan Department,64,1,24,51,Saturday,15,105
Government Office,Emergency,48,7,21,51,Monday,11,66
Bank,Emergency,31,5,12,59,Wednesday,14,63
Hospital,Emergency,79,11,9,37,Saturday,8,39
Bank,Loan Department,11,2,6,11,Thursday,8,24
Government Office,General,104,7,6,24,Monday,16,73
Hospital,Cardiology,117,11,24,31,Thursday,12,101
Bank,Loan Department,95,8,4,46,Saturday,17,48
Hospital,General,36,8,5,14,Wednesday,17,16
Bank,Emergency,71,7,1,11,Wednesday,11,20
Hospital,Cardiology,85,8,8,13,Thursday,20,42
Hospital,Cardiology,116,4,6,21,Saturday,15,77
Government Office,Loan Department,5,1,2,49,Thursday,15,38
Government Office,Emergency,116,8,6,25,Tuesday,15,65
Bank,Loan Department,31,2,9,9,Monday,19,32
Bank,General,72,13,16,25,Friday,18,40
Hospital,Emergency,112,5,22,38,Saturday,16,112
Hospital,General,68,7,6,57,Wednesday,14,54
Hospital,Customer Service,48,13,13,41,Tuesday,16,45
Government Office,Cardiology,96,3,3,53,Monday,18,66
Government Office,Emergency,54,2,8,41,Monday,19,54
Hospital,Emergency,117,13,5,26,Wednesday,12,65
Bank,Customer Service,45,10,20,54,Tuesday,19,56
Bank,Cardiology,87,4,15,11,Friday,8,60
Hospital,Customer Service,12,8,16,16,Saturday,17,25
Hospital,Emergency,61,2,11,31,Tuesday,19,47
Hospital,Emergency,17,5,3,5,Saturday,17,7
Government Office,Customer Service,39,14,16,12,Wednesday,8,23
Government Office,General,8,13,13,15,Monday,13,12
Bank,Loan Department,63,13,3,6,Friday,20,26
Hospital,Customer Service,9,12,20,56,Monday,10,31
Hospital,Cardiology,23,9,16,58,Tuesday,17,40
Hospital,Customer Service,92,9,12,37,Monday,10,49
Government Office,Customer Service,32,10,24,11,Monday,18,41
Bank,Loan Department,84,12,24,12,Thursday,20,62
Bank,Emergency,102,8,13,40,Friday,13,86
Bank,General,63,11,1,13,Saturday,15,27
Hospital,General,69,3,9,41,Saturday,13,74
Government Office,Cardiology,57,13,18,11,Tuesday,16,60
Government Office,Customer Service,20,8,18,43,Monday,17,46
Government Office,Cardiology,69,1,20,17,Tuesday,16,88
Bank,General,94,13,8,41,Wednesday,10,43
Hospital,Cardiology,73,5,24,12,Saturday,16,81
Government Office,Loan Department,107,1,10,51,Saturday,9,89
Government Office,Emergency,100,4,2,36,Saturday,11,59
Government Office,General,105,4,4,49,Monday,9,65
Bank,Customer Service,29,10,15,5,Wednesday,9,17
Hospital,Emergency,25,2,23,41,Saturday,15,87
Government Office,Cardiology,15,11,11,19,Thursday,11,7
Bank,Emergency,28,1,17,50,Monday,13,80
Hospital,Customer Service,109,2,7,58,Wednesday,17,73
Bank,Cardiology,56,14,1,11,Saturday,8,5
Hospital,Loan Department,65,10,2,45,Wednesday,11,31
Bank,Customer Service,115,4,2,48,Thursday,13,81
Hospital,Loan Department,53,5,23,31,Wednesday,18,78
Hospital,Loan Department,36,4,17,20,Thursday,19,31
Hospital,Loan Department,55,5,18,14,Thursday,14,77
Bank,Cardiology,16,8,2,23,Monday,11,5
Government Office,Loan Department,22,12,6,30,Wednesday,17,5
Hospital,Customer Service,14,3,6,8,Friday,18,18
Government Office,Cardiology,16,3,5,58,Friday,20,30
Bank,General,47,4,14,6,Wednesday,10,36
Government Office,General,116,5,15,29,Friday,17,78
Hospital,Emergency,102,4,1,31,Friday,10,49
Government Office,Customer Service,5,2,19,10,Tuesday,11,38
Bank,Cardiology,24,14,9,22,Friday,11,5
Bank,Customer Service,28,5,18,42,Monday,15,61
Government Office,General,12,7,13,47,Thursday,16,49
Hospital,Emergency,115,14,20,16,Friday,13,76
Government Office,Cardiology,76,3,13,9,Saturday,9,54
Bank,Customer Service,36,9,13,41,Saturday,20,33
Government Office,Customer Service,11,11,10,27,Friday,9,11
Government Office,Loan Department,36,5,0,17,Saturday,15,24
Hospital,Emergency,97,4,3,19,Friday,18,45
Bank,General,89,2,5,35,Thursday,20,58
Bank,Loan Department,92,8,16,9,Tuesday,13,65
Bank,Emergency,64,9,19,12,Wednesday,17,53
Hospital,General,60,6,23,58,Friday,8,74
Bank,Loan Department,9,12,15,57,Wednesday,18,29
Hospital,Customer Service,11,6,8,43,Wednesday,19,22
Bank,Customer Service,93,11,1,37,Thursday,12,54
Bank,Customer Service,60,8,1,18,Friday,18,19
Hospital,Cardiology,91,3,16,47,Saturday,14,100
Bank,Loan Department,118,4,7,38,Wednesday,11,69
Hospital,General,75,13,11,58,Wednesday,10,44
Hospital,General,27,8,2,55,Tuesday,13,30
Hospital,General,97,14,22,30,Wednesday,19,73
Bank,Cardiology,100,4,5,10,Thursday,12,59
Bank,Loan Department,82,2,18,10,Friday,13,83
Hospital,Emergency,104,6,4,42,Saturday,9,52
Government Office,General,74,6,1,20,Friday,12,39
Bank,General,5,14,15,37,Thursday,11,17
Government Office,Emergency,86,6,21,39,Monday,13,98
Hospital,Loan Department,31,4,22,8,Tuesday,15,63
Bank,General,16,11,12,28,Tuesday,16,34
Bank,Emergency,34,2,13,23,Friday,14,63
Bank,General,73,4,17,18,Saturday,13,71
Bank,Loan Department,18,5,21,32,Friday,14,62
Bank,Loan Department,88,12,12,40,Wednesday,20,46
Hospital,General,11,7,1,57,Monday,14,37
Bank,Cardiology,74,3,21,51,Tuesday,19,81
Government Office,Customer Service,88,10,8,15,Monday,12,54
Bank,Customer Service,29,9,21,59,Thursday,8,64
Government Office,Emergency,52,3,4,59,Saturday,20,58
Hospital,Loan Department,59,1,12,51,Thursday,16,77
Government Office,Loan Department,57,8,7,38,Wednesday,19,37
Government Office,Customer Service,119,1,12,8,Friday,16,94
Bank,Customer Service,101,2,15,50,Tuesday,14,102
Hospital,Emergency,80,4,11,39,Saturday,8,62
Government Office,Cardiology,89,10,1,57,Tuesday,12,51
Hospital,Loan Department,86,7,21,59,Monday,17,88
Government Office,Loan Department,30,5,1,43,Monday,15,34
Government Office,Loan Department,91,14,24,35,Thursday,17,71
Bank,General,6,7,14,15,Saturday,9,24
Bank,Cardiology,77,14,14,18,Friday,8,31
Government Office,Emergency,21,6,19,34,Tuesday,10,40
Bank,Cardiology,43,12,0,16,Friday,18,5
Hospital,Cardiology,42,2,18,59,Friday,16,86
Bank,General,55,11,4,50,Wednesday,10,31
Bank,Loan Department,20,12,24,37,Saturday,12,69
Bank,Cardiology,8,2,8,58,Tuesday,16,48
Bank,Cardiology,105,4,22,9,Tuesday,16,98
Hospital,Cardiology,99,5,23,23,Monday,20,82
Government Office,General,39,6,17,10,Tuesday,14,61
Bank,Cardiology,67,8,24,37,Tuesday,8,63
Government Office,Customer Service,42,4,13,15,Wednesday,12,47
Bank,Customer Service,13,14,19,15,Thursday,10,18
Government Office,General,18,3,7,11,Tuesday,12,28
Hospital,Loan Department,59,3,2,22,Friday,15,45
Hospital,Cardiology,101,5,3,20,Thursday,20,50
Government Office,Cardiology,114,14,18,33,Tuesday,8,60
Government Office,General,113,2,14,59,Thursday,13,106
Government Office,Loan Department,70,8,11,46,Friday,12,62
Bank,General,79,10,6,18,Tuesday,17,28
Government Office,Cardiology,15,4,10,52,Friday,12,57
Bank,Cardiology,19,7,14,33,Wednesday,17,27
Hospital,Cardiology,19,8,1,40,Tuesday,8,5
Bank,General,42,2,20,15,Saturday,10,53
Hospital,Customer Service,22,9,21,54,Wednesday,9,50
Bank,General,83,14,16,22,Wednesday,10,48
Bank,Emergency,103,13,13,40,Friday,14,81
Hospital,Cardiology,9,14,24,48,Monday,9,32
Bank,Loan Department,66,5,20,32,Saturday,20,72
Government Office,Customer Service,69,3,10,54,Friday,10,66
Hospital,Customer Service,78,2,22,52,Wednesday,15,107
Bank,Emergency,16,3,23,26,Friday,20,47
Government Office,General,77,11,18,53,Thursday,10,64
Hospital,Emergency,6,4,10,38,Monday,20,25
Government Office,Emergency,93,10,10,27,Friday,8,53
Government Office,General,87,13,7,59,Saturday,9,51
Government Office,Emergency,71,2,10,30,Monday,8,52
Bank,Cardiology,48,6,16,50,Friday,13,84
Bank,Customer Service,24,6,18,39,Wednesday,18,49
Hospital,General,52,3,15,8,Tuesday,19,55
Government Office,Customer Service,43,5,11,6,Monday,11,27
Government Office,Cardiology,87,11,0,13,Friday,14,32
Bank,Customer Service,117,12,24,49,Saturday,8,90
Government Office,Cardiology,15,13,12,42,Monday,15,35
Bank,General,24,5,9,23,Thursday,13,35
Bank,Emergency,30,7,4,12,Tuesday,10,18
Bank,General,96,2,2,43,Thursday,10,63
Government Office,Loan Department,83,5,16,55,Tuesday,15,90
Hospital,General,62,9,11,30,Thursday,8,39
Hospital,Cardiology,102,13,8,18,Friday,11,48
Government Office,Loan Department,41,12,23,21,Thursday,15,56
Government Office,Cardiology,24,1,18,31,Wednesday,20,57
Government Office,General,29,3,13,16,Wednesday,13,51
Hospital,General,88,6,1,8,Wednesday,13,45
Hospital,Emergency,26,9,22,21,Wednesday,18,43
Government Office,Cardiology,111,3,15,12,Saturday,13,88
Government Office,General,18,3,22,45,Thursday,10,50
Hospital,Loan Department,108,11,14,10,Saturday,14,63
Bank,Emergency,91,2,13,21,Friday,20,70
Hospital,Loan Department,35,3,21,32,Tuesday,9,62
Hospital,Loan Department,28,6,1,45,Friday,13,27
Hospital,Emergency,23,9,1,32,Thursday,16,13
Bank,Cardiology,18,4,23,5,Friday,13,60
Hospital,Customer Service,58,2,21,50,Tuesday,20,83
Government Office,Loan Department,26,8,6,45,Friday,16,37
Hospital,Emergency,79,4,6,25,Friday,16,66
Government Office,Customer Service,63,1,19,35,Friday,18,76
Bank,Loan Department,30,3,8,9,Thursday,20,26
Government Office,Loan Department,20,3,15,22,Friday,12,56
Bank,Loan Department,32,2,13,52,Thursday,15,72
Bank,Emergency,64,13,10,15,Monday,8,19
Bank,Emergency,36,6,18,9,Tuesday,9,37
Hospital,Emergency,63,9,21,50,Saturday,20,62
Bank,Emergency,105,5,6,27,Saturday,8,56
Government Office,Cardiology,18,13,15,33,Friday,9,10
Bank,Loan Department,14,7,3,16,Thursday,14,23
Bank,Cardiology,96,6,13,59,Wednesday,19,80
Bank,Emergency,51,10,0,23,Tuesday,10,5
Hospital,Emergency,88,2,24,40,Friday,13,103
Hospital,General,34,2,6,31,Monday,16,45
Bank,Cardiology,34,14,19,56,Friday,15,54
Hospital,Emergency,39,7,23,12,Friday,15,71
Government Office,Loan Department,56,8,21,9,Wednesday,17,45
Hospital,Cardiology,105,13,14,31,Thursday,11,60
Bank,Loan Department,33,3,8,14,Friday,16,44
Bank,Loan Department,14,6,0,29,Thursday,12,19
Government Office,General,73,7,6,59,Monday,12,64
Hospital,Emergency,76,1,0,58,Friday,12,72
Hospital,Customer Service,78,7,14,46,Wednesday,9,65
Bank,Customer Service,87,2,12,29,Friday,8,64
Government Office,Customer Service,50,11,11,15,Wednesday,10,19
Bank,Emergency,15,6,20,31,Friday,19,37
Bank,Cardiology,106,14,18,49,Tuesday,15,79
Hospital,Cardiology,37,5,1,17,Thursday,20,13
Bank,General,27,6,14,33,Tuesday,17,44
Government Office,Loan Department,35,14,9,22,Saturday,8,20
Hospital,Emergency,58,8,7,47,Thursday,9,48
Hospital,Customer Service,26,12,4,11,Tuesday,9,5
Hospital,General,7,9,9,17,Wednesday,17,12
Bank,Emergency,89,13,4,27,Wednesday,16,43
Government Office,Emergency,28,7,1,54,Monday,12,34
Bank,Emergency,37,11,13,23,Monday,17,25
Government Office,Customer Service,75,8,2,29,Friday,10,19
Government Office,Cardiology,19,3,18,27,Thursday,8,40
Hospital,General,107,3,6,46,Monday,9,70
Government Office,Customer Service,95,2,22,42,Saturday,19,96
Bank,Loan Department,26,6,6,44,Monday,9,24
Government Office,General,112,8,11,21,Wednesday,11,62
Bank,General,100,5,16,27,Monday,19,69
Government Office,Loan Department,67,14,18,30,Saturday,17,40
Government Office,Cardiology,14,6,6,28,Saturday,17,10
Government Office,General,100,5,6,12,Tuesday,9,45
Government Office,General,12,9,24,32,Wednesday,12,57
Hospital,Customer Service,58,4,3,29,Friday,19,44
Hospital,Customer Service,42,3,11,41,Thursday,20,42
Bank,Customer Service,35,14,17,30,Tuesday,12,48
Hospital,Loan Department,114,8,1,33,Wednesday,14,64
Government Office,General,55,10,4,27,Friday,16,42
Government Office,Loan Department,110,14,9,40,Thursday,20,50
Bank,Emergency,47,3,20,39,Saturday,12,81
Hospital,General,5,13,24,45,Thursday,10,39
Bank,Loan Department,18,4,20,24,Wednesday,12,63
Government Office,General,70,4,23,59,Thursday,15,103
Hospital,Loan Department,41,6,23,19,Thursday,16,67
Hospital,Emergency,88,8,11,34,Thursday,16,74
Government Office,Customer Service,25,8,6,21,Friday,10,11
Hospital,Cardiology,115,7,2,55,Friday,20,65
Government Office,Loan Department,117,1,10,10,Tuesday,13,87
Government Office,Emergency,106,12,18,49,Thursday,17,86
Bank,Loan Department,36,4,8,50,Monday,20,48
Hospital,Loan Department,59,3,1,49,Friday,18,47
Government Office,Emergency,102,1,20,7,Thursday,18,83
Hospital,Emergency,34,2,23,30,Wednesday,16,76
Hospital,General,106,9,22,35,Friday,11,82
Bank,General,115,1,13,22,Wednesday,16,101
Government Office,General,119,14,9,56,Monday,10,62
Hospital,Loan Department,76,6,9,13,Wednesday,20,39
Hospital,General,59,11,3,10,Monday,12,22
Hospital,Cardiology,95,5,1,13,Tuesday,15,52
Hospital,Customer Service,24,4,10,43,Monday,18,35
Government Office,Emergency,106,3,22,10,Monday,11,86
Hospital,Customer Service,69,12,20,22,Monday,10,62
Hospital,General,74,1,17,35,Tuesday,11,66
Hospital,General,38,12,11,31,Friday,13,34
Bank,Cardiology,78,7,13,43,Friday,16,68
Hospital,Emergency,15,1,10,57,Tuesday,19,51
Bank,Emergency,12,14,19,28,Saturday,11,24
Hospital,Emergency,20,12,15,56,Wednesday,19,31
Government Office,General,46,10,16,51,Saturday,12,70
Hospital,Cardiology,108,8,9,24,Thursday,15,73
Government Office,Emergency,7,7,21,32,Friday,17,42
Bank,Customer Service,104,4,5,28,Friday,20,56
Bank,Cardiology,66,14,22,43,Saturday,15,73
Bank,Loan Department,22,12,13,51,Monday,12,44
Hospital,Loan Department,119,1,12,58,Saturday,15,116
Government Office,Emergency,16,9,4,57,Tuesday,9,10
Government Office,Customer Service,68,10,19,8,Saturday,10,54
Government Office,Cardiology,49,2,18,40,Friday,19,54
Bank,Cardiology,20,10,10,22,Wednesday,15,30
Hospital,Customer Service,28,1,0,50,Friday,11,29
Hospital,Loan Department,28,2,3,39,Thursday,8,30
Hospital,Loan Department,119,9,9,57,Monday,9,72
Government Office,Cardiology,116,6,24,44,Tuesday,17,93
Bank,Customer Service,86,13,20,57,Wednesday,9,70
Government Office,General,105,1,15,30,Monday,18,86
Bank,Emergency,53,4,0,26,Wednesday,12,39
Bank,Cardiology,70,13,13,53,Thursday,11,46
Bank,Emergency,39,7,9,47,Monday,18,41
Government Office,Loan Department,115,4,21,32,Saturday,9,91
Government Office,General,64,14,11,25,Tuesday,19,33
Hospital,General,97,12,16,13,Tuesday,14,71
Hospital,Loan Department,48,4,9,13,Tuesday,13,46
Government Office,General,37,2,17,27,Tuesday,10,53
Bank,Cardiology,113,6,11,45,Wednesday,17,75
Government Office,Cardiology,116,12,9,20,Thursday,20,49
Government Office,Emergency,6,12,24,55,Wednesday,16,47
Bank,Cardiology,82,9,6,19,Thursday,18,36
Hospital,Customer Service,35,8,22,29,Tuesday,18,40
Government Office,Cardiology,31,5,17,40,Monday,20,50
Hospital,Emergency,38,5,5,15,Tuesday,19,20
Hospital,Cardiology,41,11,23,57,Tuesday,9,55
Hospital,Emergency,5,1,7,59,Tuesday,10,40
Hospital,Cardiology,55,8,10,19,Wednesday,18,35
Hospital,Customer Service,98,14,0,46,Monday,15,49
Hospital,General,97,5,6,56,Friday,9,65
Hospital,Emergency,16,4,24,18,Monday,18,44
Government Office,Customer Service,14,3,18,48,Saturday,15,63
Hospital,Loan Department,63,12,8,36,Monday,14,52
Bank,Cardiology,17,14,2,16,Friday,8,5
Bank,General,59,13,8,40,Saturday,20,18
Government Office,General,113,14,2,54,Tuesday,11,37
Hospital,Cardiology,115,6,23,31,Tuesday,16,101
Government Office,Loan Department,15,5,8,11,Wednesday,8,8
Bank,Loan Department,38,3,19,54,Thursday,14,76
Bank,Cardiology,59,11,24,41,Saturday,20,63
Government Office,Loan Department,52,4,13,53,Thursday,13,73
Government Office,General,70,11,14,39,Friday,16,63
Bank,Loan Department,116,5,18,58,Friday,15,112
Bank,General,10,2,21,22,Monday,12,66
Government Office,Emergency,70,1,0,13,Monday,10,28
Hospital,Loan Department,32,11,9,29,Monday,9,6
Hospital,Cardiology,104,10,12,17,Thursday,19,53
Bank,General,79,12,8,19,Friday,10,29
Hospital,General,41,5,18,15,Wednesday,20,54
Hospital,Emergency,61,12,11,13,Friday,20,28
Bank,Cardiology,96,13,19,56,Saturday,17,78
Hospital,Cardiology,43,6,18,50,Saturday,20,55
Government Office,Emergency,97,9,19,38,Monday,20,77
Hospital,General,115,2,16,13,Thursday,20,84
Bank,General,91,9,8,32,Saturday,10,49
Hospital,Loan Department,27,9,0,26,Friday,14,12
Bank,Cardiology,72,10,15,18,Tuesday,12,53
Hospital,Customer Service,100,4,0,30,Thursday,14,66
Government Office,General,85,11,9,9,Friday,8,33
Government Office,Cardiology,99,11,4,48,Monday,17,34
Bank,Loan Department,40,13,21,5,Friday,18,29
Hospital,Customer Service,96,4,5,40,Tuesday,16,69
Bank,Customer Service,47,12,8,50,Monday,11,34
Bank,Emergency,29,3,22,36,Wednesday,20,53
Bank,Loan Department,69,11,1,9,Saturday,14,30
Hospital,Cardiology,81,7,14,35,Friday,20,62
Bank,Cardiology,106,9,2,49,Wednesday,10,48
Government Office,General,33,8,7,58,Wednesday,12,39
Bank,Emergency,87,13,6,27,Thursday,14,43
Government Office,Customer Service,102,13,10,46,Wednesday,13,80
Government Office,Loan Department,81,7,9,32,Wednesday,19,37
Bank,Loan Department,116,4,5,13,Tuesday,11,51
Hospital,Cardiology,81,7,17,18,Friday,19,64
Government Office,General,109,6,22,29,Friday,10,93
Hospital,Emergency,27,10,8,53,Thursday,20,30
Bank,General,44,2,3,35,Friday,12,49
Bank,Loan Department,67,1,14,56,Saturday,13,83
Bank,General,96,10,19,14,Saturday,15,72
Bank,Loan Department,51,3,1,58,Friday,15,46
Bank,Emergency,116,10,13,16,Wednesday,10,74
Hospital,General,94,5,7,53,Tuesday,11,60
Bank,Cardiology,109,4,7,14,Tuesday,20,48
Bank,Customer Service,66,2,13,41,Monday,14,75
Bank,Emergency,47,12,2,6,Saturday,10,5
Government Office,General,90,5,6,40,Wednesday,14,72
Government Office,Cardiology,20,9,3,42,Tuesday,18,5
Bank,Loan Department,103,9,21,35,Thursday,9,81
Hospital,Customer Service,63,2,5,17,Tuesday,13,66
Government Office,Loan Department,17,1,15,40,Wednesday,15,60
Bank,Customer Service,47,6,16,8,Friday,13,67
Government Office,Cardiology,12,6,1,41,Friday,11,8
Government Office,Customer Service,57,3,15,14,Monday,15,68
Bank,Customer Service,19,4,0,26,Thursday,19,22
Hospital,Loan Department,26,2,15,57,Monday,11,56
Hospital,General,77,8,18,36,Monday,18,64
Bank,Cardiology,55,5,1,51,Saturday,18,40
Bank,Cardiology,63,10,20,25,Tuesday,8,55
Government Office,Customer Service,80,5,24,24,Thursday,9,85
Government Office,Emergency,54,14,12,40,Wednesday,13,49
Hospital,General,51,4,0,56,Wednesday,11,32
Bank,Emergency,81,2,12,46,Friday,10,72
Hospital,General,108,1,17,48,Saturday,16,97
Hospital,Cardiology,60,12,19,36,Thursday,9,60
Government Office,Emergency,54,7,3,25,Wednesday,19,25
Government Office,Cardiology,102,3,4,8,Thursday,15,67
Hospital,Cardiology,45,8,15,18,Wednesday,19,37
Government Office,General,67,14,0,56,Wednesday,13,39
Hospital,General,77,8,18,50,Saturday,11,68
Hospital,Emergency,16,14,3,11,Monday,13,5
Bank,General,112,6,12,20,Friday,19,63
Hospital,Customer Service,36,13,24,35,Tuesday,14,64
Hospital,Emergency,82,9,23,11,Wednesday,17,66
Government Office,General,71,11,13,23,Saturday,19,41
Government Office,General,117,13,10,24,Thursday,15,66
Government Office,Cardiology,105,6,19,36,Friday,9,93
Hospital,General,47,4,1,40,Saturday,14,41
Hospital,Customer Service,37,4,21,44,Thursday,14,83
Hospital,General,103,2,24,58,Saturday,9,115
Government Office,Emergency,53,3,22,59,Friday,18,84
Bank,General,73,6,2,10,Thursday,14,45
Bank,Cardiology,114,8,1,22,Wednesday,14,61
Hospital,Customer Service,15,1,9,45,Tuesday,8,37
Hospital,General,48,10,0,31,Tuesday,11,15
Hospital,Cardiology,69,9,0,26,Wednesday,8,22
Government Office,Customer Service,107,4,20,24,Friday,19,84
Hospital,General,42,14,13,46,Friday,8,32
Hospital,Customer Service,59,8,22,58,Friday,14,88
Hospital,Customer Service,103,4,12,46,Monday,16,91
Hospital,Customer Service,32,14,7,55,Tuesday,13,42
Bank,Loan Department,105,9,22,32,Wednesday,12,98
Government Office,Cardiology,115,9,13,42,Monday,16,93
Hospital,General,41,1,9,18,Monday,9,34
Government Office,General,37,6,1,32,Tuesday,9,17
Hospital,Loan Department,110,1,10,36,Saturday,14,91
Government Office,Cardiology,83,4,6,34,Friday,12,71
Government Office,Loan Department,62,5,4,47,Saturday,11,45
Bank,Emergency,105,5,7,11,Friday,10,48
Bank,Cardiology,20,14,16,10,Thursday,9,22
Hospital,Loan Department,21,13,5,44,Thursday,10,9
Hospital,Cardiology,116,6,16,25,Thursday,19,80
Bank,Cardiology,27,12,24,33,Friday,10,50
Bank,General,45,5,14,25,Monday,18,36
Hospital,Emergency,8,5,6,39,Friday,17,15
Hospital,Cardiology,61,5,6,26,Wednesday,9,43
Bank,Customer Service,99,8,8,46,Thursday,8,52
Government Office,Customer Service,41,8,6,43,Tuesday,15,37
Government Office,Cardiology,93,6,21,31,Monday,14,101
Bank,Loan Department,64,8,11,47,Saturday,20,56
Government Office,Customer Service,88,11,12,27,Tuesday,13,62
Government Office,Customer Service,17,4,19,46,Wednesday,20,49
Hospital,Loan Department,90,4,15,21,Wednesday,16,87
Bank,Customer Service,30,8,7,25,Wednesday,12,26
Hospital,General,106,10,20,12,Friday,11,71
Government Office,Cardiology,105,7,10,28,Tuesday,17,54
Hospital,Customer Service,110,11,2,33,Friday,16,68
Government Office,Cardiology,54,2,23,41,Saturday,20,74
Hospital,Emergency,15,3,16,59,Saturday,19,61
Government Office,Cardiology,89,14,7,6,Wednesday,11,25
Bank,General,87,10,4,47,Thursday,17,53
Government Office,General,9,14,8,36,Wednesday,17,10
Bank,General,94,5,14,45,Tuesday,11,67
Bank,Customer Service,31,5,21,11,Thursday,11,47
Bank,General,35,1,17,11,Thursday,13,63
Hospital,Loan Department,17,2,21,24,Saturday,18,46
Hospital,General,47,5,5,39,Tuesday,19,44
Government Office,Loan Department,75,13,14,15,Friday,11,34
Hospital,Customer Service,112,4,23,15,Tuesday,9,99
Bank,General,13,8,11,35,Saturday,10,29
Bank,Customer Service,95,9,22,11,Monday,18,69
Hospital,Emergency,112,1,10,40,Wednesday,12,98
Hospital,Loan Department,70,2,23,21,Wednesday,10,73
Hospital,General,70,14,3,54,Monday,14,45
Hospital,Loan Department,70,2,17,21,Saturday,16,81
Government Office,Loan Department,68,12,15,18,Tuesday,12,58
